account_id,account_name,industry,country,signup_date,referral_source,plan_tier,seats_x,is_trial,churn_flag_x,mrr_amount,arr_amount,seats_y,upgrade_flag,downgrade_flag,churn_flag_y,billing_frequency,auto_renew_flag,total_usage_count,total_usage_secs,total_errors,beta_feature_ratio,ticket_count,avg_resolution_time,avg_satisfaction,escalation_rate,churn,churn_risk_score
A-2e4581,Company_0,EdTech,US,2024-10-16,partner,Basic,9,False,False,1260.3,15123.6,31.2,0.1,0.0,False,monthly,0.8,535.0,152339.0,38.0,0.0717857142857142,2.0,23.0,3.0,0.0,1,0.5233333333333333
A-43a9e3,Company_1,FinTech,IN,2023-08-17,other,Basic,18,False,True,1250.5,15006.0,22.0,0.375,0.0,False,annual,0.75,355.0,101136.0,14.0,0.0833333333333333,3.0,38.0,4.0,0.0,0,0.18666666666666668
A-0a282f,Company_2,DevTools,US,2024-08-27,organic,Basic,1,False,False,1219.0666666666666,14628.8,18.8,0.0666666666666666,0.0666666666666666,True,monthly,1.0,821.0,251210.0,48.0,0.0495238095238095,3.0,43.66666666666666,4.666666666666667,0.0,1,0.7033333333333334
A-1f0ac7,Company_3,HealthTech,UK,2023-08-27,other,Basic,24,True,False,1325.0,15900.0,29.857142857142858,0.2857142857142857,0.0,False,monthly,0.7142857142857143,382.0,102528.0,21.0,0.1680272108843537,2.0,29.0,0.0,0.0,1,0.41333333333333333
A-ce550d,Company_4,HealthTech,US,2024-10-27,event,Enterprise,35,False,True,5417.888888888889,65014.66666666666,47.11111111111112,0.2222222222222222,0.0,True,annual,0.6666666666666666,579.0,215779.0,31.0,0.0555555555555555,7.0,42.285714285714285,3.8,0.1428571428571428,1,0.8666666666666667
A-1b9609,Company_5,EdTech,IN,2023-10-12,ads,Enterprise,4,False,False,1528.1818181818182,18338.18181818182,19.545454545454547,0.0,0.0,True,annual,0.8181818181818182,457.0,140541.0,21.0,0.109090909090909,4.0,43.0,3.0,0.0,1,0.38666666666666666
A-a0ca4e,Company_6,Cybersecurity,US,2024-03-08,ads,Pro,11,False,False,1848.111111111111,22177.33333333333,19.55555555555556,0.0,0.0,False,annual,0.8888888888888888,373.0,116964.0,14.0,0.08125,6.0,39.16666666666666,3.8,0.5,0,0.16333333333333333
A-e5d6ab,Company_7,EdTech,US,2023-04-15,partner,Pro,3,False,False,1304.8,15657.6,18.9,0.0,0.0,True,annual,0.9,382.0,111506.0,23.0,0.1259523809523809,3.0,42.66666666666666,0.0,0.0,1,0.7833333333333333
A-7dacce,Company_8,Cybersecurity,CA,2024-09-10,event,Enterprise,12,False,True,2305.7,27668.4,21.6,0.1,0.0,False,annual,0.7,472.0,145429.0,29.0,0.1209523809523809,4.0,32.5,3.6666666666666665,0.0,1,0.7566666666666667
A-10b8da,Company_9,DevTools,US,2023-05-08,partner,Enterprise,14,False,True,1464.5,17574.0,19.33333333333333,0.1666666666666666,0.0,True,annual,0.6666666666666666,257.0,73818.0,14.0,0.1166666666666666,3.0,31.33333333333333,3.5,0.0,0,0.20666666666666667
A-592832,Company_10,Cybersecurity,US,2024-09-25,organic,Basic,18,False,True,1714.2631578947369,20571.157894736843,27.63157894736842,0.0526315789473684,0.0526315789473684,True,annual,0.7894736842105263,1053.0,326283.0,55.0,0.1119488536155202,3.0,32.666666666666664,5.0,0.0,1,0.8133333333333334
A-d40bf7,Company_11,FinTech,IN,2024-11-08,organic,Basic,59,False,False,4324.7,51896.4,59.0,0.1,0.0,False,monthly,0.6,562.0,150186.0,22.0,0.0966666666666666,2.0,20.5,5.0,0.0,0,0.25
A-6c093d,Company_12,DevTools,US,2023-04-14,partner,Basic,7,True,False,1353.5,16242.0,19.75,0.1666666666666666,0.0,True,annual,0.8333333333333334,670.0,217275.0,30.0,0.1421085858585858,3.0,40.333333333333336,5.0,0.3333333333333333,0,0.25666666666666665
A-462d45,Company_13,Cybersecurity,US,2024-01-15,partner,Enterprise,11,True,False,1952.6666666666667,23432.0,37.25,0.0833333333333333,0.1666666666666666,True,annual,0.8333333333333334,642.0,159561.0,26.0,0.1163690476190476,4.0,26.75,4.0,0.0,1,0.47333333333333333
A-956988,Company_14,EdTech,UK,2024-11-30,ads,Enterprise,1,False,False,2262.076923076923,27144.92307692308,29.76923076923077,0.0,0.0769230769230769,True,monthly,0.7692307692307693,658.0,173232.0,49.0,0.1217948717948717,2.0,50.5,3.0,0.0,1,0.79
A-ac14bb,Company_15,FinTech,US,2023-09-08,partner,Enterprise,21,False,False,3468.25,41619.0,31.25,0.25,0.0,True,annual,0.875,531.0,170826.0,42.0,0.1412698412698412,2.0,24.5,4.0,0.0,1,0.8733333333333333
A-463db0,Company_16,HealthTech,US,2024-12-05,partner,Basic,15,False,False,1895.142857142857,22741.714285714286,24.857142857142858,0.0,0.0,False,annual,0.7142857142857143,367.0,106259.0,13.0,0.0846938775510204,6.0,50.16666666666666,4.25,0.1666666666666666,1,0.4
A-ce66f8,Company_17,EdTech,CA,2023-08-23,event,Pro,29,False,False,1976.3333333333333,23716.0,30.33333333333333,0.0,0.0,False,annual,1.0,494.0,133559.0,19.0,0.121031746031746,6.0,41.66666666666666,3.5,0.0,0,0.13666666666666666
A-c4ea60,Company_18,FinTech,DE,2023-03-09,other,Enterprise,18,False,True,1627.3333333333333,19528.0,25.77777777777778,0.0,0.1111111111111111,False,annual,0.7777777777777778,427.0,137244.0,18.0,0.2092592592592592,5.0,36.0,3.6,0.0,0,0.11333333333333333
A-832ec2,Company_19,FinTech,UK,2023-11-19,event,Enterprise,4,True,False,1162.375,13948.5,16.5,0.375,0.0,False,annual,0.375,511.0,157711.0,25.0,0.119047619047619,3.0,26.0,4.0,0.3333333333333333,1,0.4633333333333333
A-684255,Company_20,FinTech,US,2024-04-14,ads,Enterprise,9,False,False,846.0,10152.0,14.928571428571429,0.2142857142857142,0.0714285714285714,True,annual,0.6428571428571429,653.0,191849.0,44.0,0.2656462585034013,4.0,14.25,4.666666666666667,0.25,1,0.47333333333333333
A-c42f1f,Company_21,HealthTech,US,2024-07-28,other,Pro,8,False,False,646.875,7762.5,13.125,0.125,0.125,True,annual,0.75,337.0,98383.0,20.0,0.1166666666666666,9.0,31.33333333333333,4.0,0.1111111111111111,0,0.17333333333333334
A-4e44e8,Company_22,DevTools,US,2024-08-20,ads,Enterprise,3,False,True,2603.214285714286,31238.571428571428,24.857142857142858,0.1428571428571428,0.0,True,annual,0.7857142857142857,687.0,208387.0,37.0,0.095578231292517,3.0,31.33333333333333,3.333333333333333,0.0,1,0.6233333333333333
A-30b4ca,Company_23,EdTech,IN,2024-05-20,organic,Basic,86,False,True,9492.25,113907.0,86.0,0.0,0.0,False,monthly,0.875,402.0,127433.0,22.0,0.2384920634920634,3.0,57.66666666666666,4.0,0.0,1,0.8066666666666666
A-9f2731,Company_24,FinTech,IN,2024-10-04,event,Enterprise,1,False,False,516.1428571428571,6193.714285714285,24.0,0.0,0.1428571428571428,False,monthly,1.0,324.0,98113.0,20.0,0.0561224489795918,0.0,0.0,0.0,0.0,1,0.7466666666666667
A-32fb14,Company_25,DevTools,US,2023-03-07,event,Enterprise,26,False,True,1129.111111111111,13549.333333333334,29.33333333333333,0.2222222222222222,0.0,True,annual,0.7777777777777778,488.0,150708.0,19.0,0.0407407407407407,5.0,34.0,4.5,0.0,1,0.8233333333333334
A-00cac8,Company_26,HealthTech,AU,2023-09-15,organic,Enterprise,8,True,False,1569.0,18828.0,15.333333333333334,0.0,0.1111111111111111,False,monthly,0.8888888888888888,602.0,171366.0,31.0,0.1023809523809523,2.0,33.0,0.0,0.0,0,0.14333333333333334
A-35083d,Company_27,HealthTech,IN,2023-04-28,partner,Basic,19,False,True,2027.0625,24324.75,25.8125,0.1875,0.0,True,monthly,0.875,791.0,237055.0,37.0,0.0989583333333333,4.0,49.75,5.0,0.0,0,0.23
A-eb7fac,Company_28,DevTools,US,2023-10-28,organic,Enterprise,7,False,False,4209.6,50515.2,32.4,0.0,0.0,True,monthly,0.9,538.0,185729.0,44.0,0.0930335097001763,4.0,34.0,4.0,0.0,1,0.87
A-b20d99,Company_29,HealthTech,IN,2023-09-27,other,Basic,20,False,False,1581.2857142857142,18975.42857142857,23.0,0.1428571428571428,0.0,False,monthly,0.8571428571428571,329.0,105214.0,12.0,0.1519274376417233,2.0,61.5,3.5,0.0,1,0.76
A-396e5f,Company_30,Cybersecurity,CA,2024-10-02,other,Enterprise,2,False,False,1023.6,12283.2,17.6,0.2,0.1,False,monthly,0.8,540.0,175427.0,23.0,0.0876190476190476,5.0,24.8,4.0,0.2,1,0.44333333333333336
A-45ce7a,Company_31,FinTech,US,2023-07-23,ads,Enterprise,16,False,False,1173.7142857142858,14084.57142857143,17.142857142857142,0.2857142857142857,0.1428571428571428,True,monthly,0.7142857142857143,424.0,124978.0,30.0,0.0317460317460317,5.0,45.4,3.6666666666666665,0.0,0,0.24666666666666667
A-08e34e,Company_32,EdTech,US,2024-06-27,event,Basic,14,False,True,1983.7272727272727,23804.727272727272,31.09090909090909,0.0,0.0,False,annual,0.6363636363636364,651.0,186929.0,32.0,0.1076839826839826,3.0,43.0,3.0,0.0,1,0.3466666666666667
A-8145a0,Company_33,Cybersecurity,AU,2023-04-25,partner,Basic,2,True,False,1438.3333333333333,17260.0,16.416666666666668,0.1666666666666666,0.0,True,monthly,0.9166666666666666,693.0,200177.0,27.0,0.0618055555555555,6.0,23.666666666666668,4.0,0.0,1,0.7966666666666666
A-bad8c1,Company_34,FinTech,AU,2023-03-01,organic,Basic,7,False,False,1113.857142857143,13366.285714285714,31.857142857142858,0.2857142857142857,0.0,False,monthly,1.0,385.0,125675.0,11.0,0.1428571428571428,1.0,27.0,4.0,0.0,1,0.35
A-44dc83,Company_35,EdTech,FR,2024-05-12,other,Basic,5,False,False,114.0,1368.0,22.75,0.0,0.0,False,annual,1.0,248.0,81119.0,13.0,0.1277777777777777,7.0,40.85714285714285,4.6,0.0,1,0.7933333333333333
A-f446b6,Company_36,DevTools,DE,2023-05-12,ads,Pro,5,True,False,1265.7777777777778,15189.333333333334,16.444444444444443,0.0,0.0,True,monthly,0.7777777777777778,376.0,127515.0,31.0,0.0714285714285714,8.0,30.75,4.25,0.125,0,0.17666666666666667
A-a45270,Company_37,HealthTech,US,2024-06-24,ads,Enterprise,3,False,False,1677.5833333333333,20131.0,23.25,0.1666666666666666,0.0833333333333333,True,annual,0.75,733.0,222582.0,53.0,0.0570436507936507,4.0,64.0,4.0,0.0,1,0.8533333333333334
A-854864,Company_38,FinTech,IN,2024-12-07,event,Enterprise,20,False,False,2459.833333333333,29518.0,31.83333333333333,0.0,0.0,True,annual,0.8333333333333334,248.0,73517.0,10.0,0.1805555555555555,5.0,44.2,4.8,0.0,1,0.5333333333333333
A-1b7577,Company_39,Cybersecurity,US,2024-10-27,other,Pro,4,False,False,797.3636363636364,9568.363636363636,17.545454545454547,0.0,0.0909090909090909,True,monthly,1.0,647.0,195598.0,33.0,0.063997113997114,5.0,27.2,4.0,0.0,0,0.25
A-05f0e5,Company_40,FinTech,US,2023-05-04,partner,Basic,32,False,False,4259.083333333333,51109.0,45.083333333333336,0.1666666666666666,0.0,False,annual,0.8333333333333334,706.0,207116.0,46.0,0.1251984126984127,4.0,20.0,4.0,0.0,1,0.53
A-9077b0,Company_41,HealthTech,US,2024-08-25,ads,Basic,2,False,False,509.2857142857143,6111.428571428572,17.142857142857142,0.4285714285714285,0.0,True,monthly,1.0,493.0,146301.0,31.0,0.1087301587301587,3.0,40.333333333333336,4.333333333333333,0.0,0,0.21666666666666667
A-7f8241,Company_42,EdTech,US,2023-03-14,organic,Pro,34,False,True,2634.4,31612.8,35.86666666666667,0.1333333333333333,0.0,False,monthly,0.6666666666666666,734.0,227186.0,38.0,0.0645238095238095,1.0,36.0,3.0,0.0,0,0.17666666666666667
A-2bc93d,Company_43,HealthTech,US,2023-03-14,event,Basic,14,False,False,2491.846153846154,29902.153846153848,29.23076923076923,0.3076923076923077,0.0,True,annual,0.8461538461538461,666.0,215735.0,31.0,0.0554029304029304,2.0,12.0,4.5,0.0,1,0.66
A-f3ff05,Company_44,FinTech,IN,2024-07-06,other,Enterprise,2,False,False,1497.3076923076924,17967.69230769231,15.923076923076923,0.0769230769230769,0.0,True,annual,0.9230769230769232,672.0,210327.0,36.0,0.0846153846153846,3.0,42.66666666666666,3.5,0.0,1,0.51
A-2d4502,Company_45,FinTech,IN,2024-04-29,event,Basic,7,False,False,2907.1,34885.2,29.6,0.2,0.0,False,annual,0.7,465.0,127997.0,19.0,0.1119047619047619,3.0,26.33333333333333,5.0,0.0,1,0.7433333333333333
A-6a4e2d,Company_46,EdTech,UK,2023-04-07,partner,Pro,9,False,False,944.9090909090908,11338.90909090909,23.818181818181817,0.1818181818181818,0.0909090909090909,True,annual,0.8181818181818182,597.0,172764.0,31.0,0.0411255411255411,2.0,18.5,4.5,0.5,1,0.87
A-eb7c38,Company_47,DevTools,AU,2024-02-25,organic,Enterprise,5,False,False,2547.333333333333,30568.0,28.8,0.2,0.0666666666666666,True,annual,0.6666666666666666,693.0,203946.0,27.0,0.0945238095238095,5.0,22.4,4.333333333333333,0.0,1,0.58
A-c37601,Company_48,EdTech,US,2024-10-31,partner,Basic,6,True,False,1706.25,20475.0,15.916666666666666,0.0,0.0,True,annual,0.8333333333333334,489.0,131835.0,21.0,0.0795454545454545,4.0,42.25,3.6666666666666665,0.0,1,0.7366666666666667
A-3b5cd1,Company_49,FinTech,US,2023-09-12,event,Basic,13,True,False,1821.2307692307693,21854.76923076923,20.923076923076923,0.1538461538461538,0.0769230769230769,False,monthly,0.6923076923076923,523.0,177958.0,24.0,0.1111111111111111,5.0,27.4,4.0,0.0,1,0.35333333333333333
A-b2225d,Company_50,FinTech,US,2024-03-08,ads,Basic,47,False,True,1590.6666666666667,19088.0,47.25,0.0833333333333333,0.0833333333333333,False,annual,0.75,696.0,236693.0,60.0,0.0594907407407407,2.0,42.0,3.0,0.0,1,0.44
A-94f8c9,Company_51,HealthTech,US,2024-03-29,other,Basic,13,False,False,1999.3125,23991.75,19.8125,0.125,0.0625,True,annual,0.875,746.0,204124.0,63.0,0.0793154761904761,3.0,47.333333333333336,5.0,0.0,1,0.5933333333333334
A-02fac6,Company_52,FinTech,US,2023-04-06,event,Pro,22,False,False,2400.909090909091,28810.90909090909,25.454545454545453,0.0909090909090909,0.0,False,monthly,0.8181818181818182,514.0,169854.0,34.0,0.0865800865800865,6.0,23.33333333333333,4.0,0.0,1,0.5033333333333333
A-c1dfe1,Company_53,DevTools,DE,2023-08-07,ads,Pro,26,False,False,3223.75,38685.0,28.75,0.125,0.25,True,monthly,0.625,375.0,127687.0,30.0,0.1388888888888889,3.0,50.333333333333336,4.0,0.0,1,0.3466666666666667
A-32728c,Company_54,DevTools,US,2023-01-03,event,Pro,20,False,True,562.25,6747.0,22.75,0.125,0.0,True,annual,1.0,418.0,115325.0,22.0,0.1157738095238095,2.0,34.5,3.5,0.0,1,0.8233333333333334
A-4c38bc,Company_55,HealthTech,UK,2024-03-09,event,Basic,36,False,True,3003.75,36045.0,36.0,0.125,0.0,True,annual,0.875,818.0,271358.0,27.0,0.1140625,3.0,48.333333333333336,3.5,0.0,0,0.17333333333333334
A-1b707d,Company_56,Cybersecurity,US,2023-07-14,organic,Enterprise,1,False,False,1166.5,13998.0,16.25,0.125,0.0,True,annual,0.625,399.0,110456.0,12.0,0.0959821428571428,3.0,42.66666666666666,0.0,0.0,1,0.4033333333333333
A-6f8ad2,Company_57,EdTech,IN,2024-07-09,organic,Basic,1,False,False,1525.1764705882354,18302.117647058825,23.58823529411765,0.1176470588235294,0.0588235294117647,True,annual,0.5882352941176471,924.0,261489.0,59.0,0.1686274509803921,4.0,35.25,4.333333333333333,0.0,0,0.19
A-4d1e75,Company_58,DevTools,US,2024-08-21,other,Basic,20,False,False,2414.6153846153848,28975.384615384617,30.23076923076923,0.2307692307692307,0.0769230769230769,False,monthly,0.6923076923076923,477.0,148106.0,25.0,0.0807692307692307,2.0,15.0,4.0,0.0,1,0.4666666666666667
A-9ee962,Company_59,HealthTech,US,2023-02-28,ads,Basic,9,False,True,1046.6666666666667,12560.0,15.333333333333334,0.3333333333333333,0.1111111111111111,True,annual,0.7777777777777778,439.0,120226.0,17.0,0.0751488095238095,3.0,37.0,4.0,0.0,1,0.7366666666666667
A-378b99,Company_60,EdTech,UK,2024-09-01,ads,Pro,8,True,False,1009.6666666666666,12116.0,22.666666666666668,0.0833333333333333,0.0833333333333333,True,annual,1.0,565.0,187525.0,38.0,0.0778769841269841,6.0,28.5,4.5,0.0,1,0.56
A-94d3da,Company_61,HealthTech,US,2023-05-03,other,Basic,41,False,False,1889.4166666666667,22673.0,41.0,0.0833333333333333,0.0,True,monthly,0.6666666666666666,464.0,150051.0,25.0,0.123015873015873,6.0,26.83333333333333,3.5,0.0,1,0.32
A-e351e1,Company_62,EdTech,US,2024-09-26,other,Enterprise,33,False,False,699.6,8395.2,33.0,0.0,0.0,True,monthly,0.8,295.0,102452.0,22.0,0.0666666666666666,4.0,17.0,3.75,0.0,1,0.7966666666666666
A-9badbd,Company_63,Cybersecurity,DE,2024-06-19,ads,Enterprise,5,True,False,2498.230769230769,29978.76923076923,34.92307692307692,0.0,0.0,True,monthly,0.7692307692307693,729.0,220382.0,45.0,0.0893828393828393,5.0,30.2,5.0,0.0,0,0.22666666666666666
A-7e0a10,Company_64,FinTech,US,2023-11-18,ads,Enterprise,46,False,False,4111.6,49339.2,48.4,0.1,0.0,False,monthly,0.7,511.0,173162.0,35.0,0.0934523809523809,5.0,39.4,4.0,0.0,1,0.7866666666666666
A-118d55,Company_65,Cybersecurity,US,2024-10-22,organic,Basic,8,False,False,1993.25,23919.0,16.75,0.25,0.3333333333333333,True,monthly,0.75,599.0,168143.0,33.0,0.0570436507936507,5.0,24.2,4.333333333333333,0.0,1,0.53
A-526d93,Company_66,HealthTech,FR,2024-04-14,organic,Basic,43,False,False,4355.666666666667,52268.0,43.888888888888886,0.2222222222222222,0.0,True,annual,0.5555555555555556,565.0,159213.0,45.0,0.1009259259259259,5.0,51.4,3.5,0.2,1,0.6433333333333333
A-f92792,Company_67,FinTech,US,2024-07-04,ads,Pro,1,False,False,1343.357142857143,16120.285714285714,14.428571428571429,0.0714285714285714,0.0714285714285714,False,annual,0.5714285714285714,528.0,149124.0,31.0,0.0892857142857142,2.0,45.0,4.0,0.0,1,0.25
A-84ebe4,Company_68,FinTech,US,2023-03-12,ads,Pro,18,True,True,2544.909090909091,30538.90909090909,29.63636363636364,0.0,0.0,True,annual,0.9090909090909092,396.0,123655.0,26.0,0.1334415584415584,4.0,29.5,4.0,0.0,1,0.49666666666666665
A-5b4ebb,Company_69,Cybersecurity,UK,2024-07-10,other,Basic,21,True,True,2138.692307692308,25664.30769230769,28.307692307692307,0.0769230769230769,0.0,True,monthly,0.8461538461538461,692.0,196300.0,25.0,0.0995726495726495,5.0,35.4,4.75,0.0,0,0.19666666666666666
A-2922b6,Company_70,HealthTech,US,2024-11-14,organic,Basic,15,False,False,1778.1666666666667,21338.0,25.166666666666668,0.1666666666666666,0.0,True,annual,0.8333333333333334,393.0,117237.0,13.0,0.0476190476190476,2.0,15.5,4.0,0.0,1,0.5133333333333333
A-9b9fe9,Company_71,EdTech,AU,2023-09-28,other,Basic,5,False,False,1643.75,19725.0,27.58333333333333,0.0,0.0833333333333333,True,annual,0.8333333333333334,597.0,196701.0,22.0,0.0303030303030303,4.0,33.5,4.0,0.0,1,0.4633333333333333
A-a8b49c,Company_72,Cybersecurity,UK,2023-10-06,partner,Basic,7,False,False,963.9166666666666,11567.0,14.833333333333334,0.0833333333333333,0.0,False,annual,0.9166666666666666,545.0,183399.0,43.0,0.0208333333333333,1.0,72.0,4.0,0.0,1,0.5033333333333333
A-9174e0,Company_73,Cybersecurity,US,2024-12-04,partner,Basic,37,False,False,3598.4,43180.8,40.6,0.1333333333333333,0.0,True,monthly,0.8,689.0,206138.0,61.0,0.0694179894179894,2.0,39.0,5.0,0.0,0,0.2966666666666667
A-a1bbb6,Company_74,DevTools,CA,2023-04-05,organic,Basic,1,False,False,1800.25,21603.0,14.125,0.0,0.0,True,monthly,0.625,366.0,118465.0,20.0,0.1636904761904762,3.0,17.666666666666668,4.0,0.0,0,0.1
A-c45b23,Company_75,FinTech,UK,2023-12-08,partner,Basic,5,False,False,708.6666666666666,8504.0,10.916666666666666,0.0,0.0,True,annual,0.75,581.0,181056.0,30.0,0.1625,3.0,36.66666666666666,3.0,0.0,1,0.38
A-02cd81,Company_76,HealthTech,IN,2024-03-28,other,Basic,44,False,False,2354.0,28248.0,44.0,0.0,0.0,True,annual,0.7857142857142857,684.0,219304.0,28.0,0.0739795918367346,3.0,17.333333333333332,4.5,0.3333333333333333,1,0.7866666666666666
A-ee42db,Company_77,EdTech,DE,2023-04-25,ads,Enterprise,13,False,False,963.9166666666666,11567.0,26.25,0.0833333333333333,0.0833333333333333,False,annual,0.9166666666666666,511.0,150876.0,33.0,0.1368055555555555,4.0,33.75,3.0,0.0,1,0.8
A-432483,Company_78,Cybersecurity,US,2023-02-06,ads,Pro,4,False,False,2868.1111111111118,34417.333333333336,21.22222222222222,0.1111111111111111,0.0,True,annual,0.7777777777777778,451.0,151460.0,28.0,0.1058201058201058,1.0,51.0,0.0,0.0,0,0.15666666666666668
A-9208f0,Company_79,EdTech,US,2023-05-11,organic,Pro,1,False,True,438.875,5266.5,19.125,0.125,0.0,True,annual,0.875,538.0,158701.0,31.0,0.1076388888888889,8.0,41.25,3.333333333333333,0.125,1,0.8266666666666667
A-98a59a,Company_80,FinTech,UK,2023-08-04,partner,Enterprise,56,False,False,3645.6,43747.2,65.2,0.2,0.1,False,monthly,0.6,455.0,124429.0,21.0,0.1892857142857142,3.0,37.333333333333336,4.5,0.0,1,0.49666666666666665
A-fe79a5,Company_81,HealthTech,IN,2024-02-21,ads,Basic,9,True,False,1353.2,16238.4,11.4,0.2,0.0,True,annual,0.9,335.0,96672.0,17.0,0.05,4.0,28.5,5.0,0.0,0,0.19333333333333333
A-726cfa,Company_82,DevTools,US,2023-07-01,partner,Pro,11,False,False,1830.6315789473683,21967.57894736842,21.05263157894737,0.1052631578947368,0.0,True,monthly,0.8421052631578947,993.0,281986.0,45.0,0.1350079744816587,3.0,35.666666666666664,4.0,0.0,1,0.8966666666666666
A-c43359,Company_83,FinTech,US,2024-11-16,organic,Pro,38,False,False,1539.0,18468.0,38.0,0.25,0.125,True,annual,1.0,461.0,147051.0,32.0,0.0919642857142857,3.0,26.666666666666668,4.0,0.0,1,0.7766666666666666
A-271f46,Company_84,DevTools,US,2023-02-09,event,Pro,38,False,True,2450.5,29406.0,39.0,0.0,0.0,False,monthly,1.0,373.0,114563.0,16.0,0.0416666666666666,1.0,36.0,0.0,0.0,1,0.5966666666666667
A-157070,Company_85,FinTech,US,2023-11-09,ads,Pro,16,False,False,1719.125,20629.5,24.75,0.125,0.0625,True,annual,0.875,696.0,186928.0,26.0,0.0747271825396825,3.0,42.333333333333336,3.0,0.3333333333333333,1,0.4766666666666667
A-40a557,Company_86,Cybersecurity,AU,2023-12-03,partner,Pro,16,True,False,2591.555555555556,31098.666666666668,21.55555555555556,0.1111111111111111,0.0,True,monthly,1.0,402.0,114217.0,17.0,0.0595238095238095,7.0,30.571428571428573,3.6666666666666665,0.0,1,0.8633333333333333
A-66224b,Company_87,HealthTech,US,2024-10-18,other,Pro,92,True,False,5765.333333333333,69184.0,93.58333333333331,0.0,0.0,True,annual,0.75,626.0,185229.0,29.0,0.15,6.0,39.833333333333336,3.5,0.0,0,0.20333333333333334
A-91e948,Company_88,EdTech,AU,2023-01-29,partner,Basic,41,False,False,3127.714285714286,37532.57142857143,41.0,0.2857142857142857,0.0,False,monthly,1.0,404.0,115260.0,16.0,0.0,0.0,0.0,0.0,0.0,0,0.22666666666666666
A-104f1a,Company_89,Cybersecurity,US,2024-08-17,other,Pro,24,False,False,1577.125,18925.5,42.25,0.0,0.0,True,monthly,0.875,438.0,156949.0,22.0,0.0416666666666666,5.0,33.2,3.75,0.2,1,0.5433333333333333
A-7988d1,Company_90,Cybersecurity,US,2023-12-20,other,Basic,33,False,False,1188.0,14256.0,39.55555555555556,0.0,0.0,True,monthly,0.7777777777777778,449.0,138265.0,28.0,0.1455026455026455,3.0,35.333333333333336,4.333333333333333,0.0,1,0.41
A-faa28c,Company_91,HealthTech,US,2024-01-30,organic,Enterprise,48,False,False,4171.714285714285,50060.57142857143,49.285714285714285,0.2142857142857142,0.0,True,annual,0.7857142857142857,585.0,162007.0,24.0,0.1054421768707482,4.0,52.25,4.666666666666667,0.25,1,0.88
A-f25509,Company_92,EdTech,US,2024-03-22,other,Enterprise,32,False,False,3224.4,38692.8,40.0,0.0,0.2,False,annual,0.8,229.0,73603.0,15.0,0.125,6.0,42.66666666666666,4.666666666666667,0.0,1,0.5666666666666667
A-3a7284,Company_93,FinTech,US,2024-11-17,organic,Enterprise,31,False,False,2959.9166666666665,35519.0,36.0,0.0833333333333333,0.1666666666666666,True,monthly,0.9166666666666666,609.0,191562.0,30.0,0.1333333333333333,3.0,56.333333333333336,3.5,0.0,1,0.43
A-3a5ad8,Company_94,HealthTech,US,2023-12-05,organic,Enterprise,9,True,False,2207.769230769231,26493.23076923077,25.23076923076923,0.0769230769230769,0.0769230769230769,False,monthly,0.8461538461538461,506.0,127878.0,23.0,0.1271062271062271,4.0,44.75,4.5,0.0,0,0.17
A-65a46c,Company_95,HealthTech,US,2023-11-04,event,Pro,1,False,False,2834.375,34012.5,31.0,0.25,0.0,True,monthly,0.875,370.0,115219.0,21.0,0.1733630952380952,8.0,45.125,4.0,0.0,0,0.16666666666666666
A-8b25f2,Company_96,Cybersecurity,US,2024-02-17,ads,Pro,6,False,True,1080.6153846153843,12967.384615384615,16.0,0.0769230769230769,0.1538461538461538,True,annual,1.0,565.0,159394.0,20.0,0.1193223443223443,2.0,35.5,4.0,0.0,0,0.18333333333333332
A-fabe19,Company_97,DevTools,UK,2024-11-11,ads,Enterprise,1,False,False,2928.1428571428573,35137.71428571428,19.571428571428573,0.2857142857142857,0.0,True,annual,0.4285714285714285,337.0,112966.0,16.0,0.0714285714285714,3.0,40.66666666666666,4.0,0.0,0,0.17333333333333334
A-adc1f3,Company_98,Cybersecurity,US,2024-08-05,organic,Pro,2,False,False,2956.4444444444443,35477.333333333336,17.555555555555557,0.0,0.0,True,annual,0.7777777777777778,334.0,120133.0,26.0,0.1458333333333333,3.0,47.333333333333336,3.5,0.0,0,0.19333333333333333
A-503d5a,Company_99,FinTech,US,2023-10-21,other,Enterprise,4,False,True,1490.3333333333333,17884.0,20.58333333333333,0.0,0.0833333333333333,False,monthly,0.8333333333333334,605.0,211565.0,32.0,0.1077380952380952,9.0,36.55555555555556,4.0,0.0,0,0.15666666666666668
A-fd7ad3,Company_100,Cybersecurity,US,2024-11-01,event,Enterprise,1,False,False,383.1,4597.2,11.5,0.2,0.0,True,annual,0.9,567.0,171957.0,42.0,0.1527380952380952,8.0,48.75,4.166666666666667,0.125,1,0.8
A-186a44,Company_101,HealthTech,US,2023-08-07,ads,Enterprise,20,False,False,1499.2142857142858,17990.571428571428,22.214285714285715,0.0714285714285714,0.0714285714285714,True,monthly,0.7142857142857143,614.0,205539.0,25.0,0.1203231292517006,7.0,38.285714285714285,3.5,0.0,0,0.16333333333333333
A-e888d1,Company_102,Cybersecurity,US,2023-03-28,other,Pro,14,False,False,1240.5454545454545,14886.545454545454,22.727272727272727,0.0909090909090909,0.0,True,monthly,0.7272727272727273,552.0,158087.0,36.0,0.0747222222222222,5.0,43.0,4.0,0.2,1,0.6133333333333333
A-69fad4,Company_103,FinTech,UK,2023-04-06,ads,Basic,6,False,True,1245.857142857143,14950.285714285714,16.0,0.0,0.0,True,monthly,0.8571428571428571,412.0,124646.0,24.0,0.1144557823129251,4.0,43.0,3.6666666666666665,0.0,1,0.3566666666666667
A-9289f6,Company_104,EdTech,US,2023-05-31,event,Enterprise,1,False,False,1091.3333333333333,13096.0,21.666666666666668,0.1666666666666666,0.0,True,annual,0.8333333333333334,642.0,200375.0,38.0,0.0898809523809523,6.0,37.5,4.333333333333333,0.0,1,0.8366666666666667
A-f19409,Company_105,DevTools,US,2023-03-16,other,Basic,23,False,True,2844.6666666666665,34136.0,28.5,0.1666666666666666,0.0,True,annual,0.8333333333333334,659.0,209812.0,31.0,0.2093253968253968,3.0,6.333333333333333,4.0,0.0,1,0.81
A-22f2df,Company_106,DevTools,US,2024-12-14,ads,Basic,3,False,False,827.8888888888889,9934.666666666666,17.22222222222222,0.1111111111111111,0.1111111111111111,False,annual,0.7777777777777778,429.0,119127.0,17.0,0.1029100529100529,5.0,44.8,5.0,0.0,0,0.19333333333333333
A-039727,Company_107,EdTech,AU,2024-11-02,organic,Pro,25,False,False,2428.0,29136.0,27.933333333333334,0.2,0.1333333333333333,True,annual,0.8,768.0,249545.0,32.0,0.0416666666666666,0.0,0.0,0.0,0.0,1,0.6466666666666666
A-2e3bad,Company_108,FinTech,CA,2023-08-13,other,Pro,61,False,False,4587.2,55046.4,61.0,0.0,0.0,True,annual,0.8,435.0,123738.0,26.0,0.1066666666666666,5.0,31.4,3.5,0.0,1,0.8233333333333334
A-484819,Company_109,HealthTech,US,2023-02-21,organic,Pro,18,False,False,2575.5,30906.0,19.5,0.375,0.0,True,annual,0.875,336.0,116076.0,20.0,0.0952380952380952,5.0,33.2,4.5,0.0,1,0.85
A-425e76,Company_110,DevTools,UK,2023-05-17,other,Enterprise,8,False,True,1555.5454545454545,18666.545454545456,24.454545454545453,0.0909090909090909,0.0,True,monthly,0.9090909090909092,438.0,136419.0,24.0,0.1111111111111111,5.0,48.2,3.333333333333333,0.2,1,0.7933333333333333
A-e83938,Company_111,DevTools,UK,2023-11-21,other,Pro,2,True,True,937.875,11254.5,16.25,0.25,0.0,False,annual,0.75,266.0,87249.0,18.0,0.0458333333333333,4.0,31.0,3.0,0.0,1,0.7666666666666667
A-ad296b,Company_112,DevTools,AU,2024-07-15,event,Pro,38,False,False,3071.6666666666665,36860.0,38.0,0.0,0.0,True,annual,1.0,294.0,103805.0,12.0,0.1071428571428571,3.0,28.33333333333333,3.6666666666666665,0.3333333333333333,0,0.19333333333333333
A-e51ec7,Company_113,FinTech,CA,2023-09-23,partner,Enterprise,2,False,False,3009.5,36114.0,16.75,0.25,0.125,True,annual,0.75,417.0,126745.0,18.0,0.115079365079365,3.0,37.0,5.0,0.0,1,0.81
A-0aaf6e,Company_114,FinTech,US,2024-05-11,organic,Enterprise,3,False,False,2676.0,32112.0,23.88888888888889,0.0,0.0,True,monthly,0.6666666666666666,599.0,172442.0,39.0,0.1068783068783068,5.0,45.0,4.0,0.0,0,0.22
A-e61e98,Company_115,FinTech,US,2023-10-20,partner,Enterprise,19,False,True,1498.2222222222222,17978.666666666668,26.444444444444443,0.2222222222222222,0.0,False,monthly,0.7777777777777778,527.0,131994.0,25.0,0.1592592592592592,6.0,30.33333333333333,4.6,0.1666666666666666,1,0.33666666666666667
A-92a333,Company_116,FinTech,US,2023-03-24,event,Enterprise,9,False,False,1776.5,21318.0,23.5,0.0,0.1666666666666666,False,annual,1.0,364.0,103645.0,30.0,0.0486111111111111,4.0,23.25,0.0,0.25,0,0.2
A-95b24a,Company_117,FinTech,US,2023-06-06,event,Pro,38,False,True,2275.818181818182,27309.81818181818,39.27272727272727,0.3636363636363636,0.0909090909090909,False,annual,0.6363636363636364,611.0,188856.0,34.0,0.1177489177489177,5.0,21.2,4.25,0.0,0,0.20666666666666667
A-42e5e1,Company_118,DevTools,US,2024-07-09,ads,Pro,1,False,True,1273.7142857142858,15284.57142857143,18.428571428571427,0.1428571428571428,0.1428571428571428,True,annual,0.8571428571428571,411.0,116704.0,41.0,0.0680272108843537,3.0,29.0,4.0,0.0,1,0.8033333333333333
A-7d514c,Company_119,HealthTech,DE,2024-02-03,organic,Enterprise,17,False,False,2697.1111111111118,32365.33333333333,22.22222222222222,0.2222222222222222,0.0,True,monthly,0.8888888888888888,502.0,146707.0,30.0,0.1036833536833536,3.0,33.333333333333336,5.0,0.0,0,0.19666666666666666
A-65aeb5,Company_120,DevTools,US,2024-01-25,partner,Pro,9,False,False,2866.0,34392.0,19.75,0.0,0.0833333333333333,True,annual,0.75,533.0,148034.0,40.0,0.0791666666666666,2.0,42.5,5.0,0.0,1,0.87
A-e2cd1b,Company_121,DevTools,US,2024-02-04,other,Enterprise,15,False,False,1394.2222222222222,16730.666666666668,33.55555555555556,0.1111111111111111,0.0,False,annual,1.0,465.0,138043.0,18.0,0.1365079365079365,5.0,37.8,4.0,0.0,0,0.15333333333333332
A-180abf,Company_122,DevTools,US,2023-08-14,event,Pro,64,False,True,4145.777777777777,49749.333333333336,64.0,0.2222222222222222,0.0,True,monthly,0.7777777777777778,499.0,136250.0,28.0,0.1825396825396825,3.0,36.333333333333336,3.0,0.0,1,0.6733333333333333
A-f17767,Company_123,DevTools,US,2023-01-30,event,Enterprise,1,True,True,1152.7857142857142,13833.42857142857,13.642857142857142,0.2142857142857142,0.0714285714285714,True,monthly,0.9285714285714286,713.0,208977.0,38.0,0.0494047619047619,3.0,36.333333333333336,4.0,0.3333333333333333,1,0.9133333333333333
A-5a184f,Company_124,DevTools,DE,2023-06-19,other,Enterprise,1,False,True,2068.3,24819.6,26.6,0.0,0.1,True,annual,1.0,587.0,175629.0,29.0,0.0416666666666666,3.0,15.333333333333334,4.333333333333333,0.0,1,0.52
A-7df7a7,Company_125,DevTools,US,2023-01-28,organic,Basic,7,False,True,1943.6666666666667,23324.0,19.266666666666666,0.0,0.1333333333333333,True,monthly,0.8,922.0,256811.0,47.0,0.095022385022385,3.0,28.0,4.0,0.3333333333333333,1,0.5866666666666667
A-1ac5e0,Company_126,DevTools,US,2024-10-20,event,Basic,33,False,True,1824.9,21898.8,33.0,0.0,0.0,False,monthly,0.5,558.0,167904.0,31.0,0.1585714285714285,7.0,40.42857142857143,3.8,0.0,0,0.1
A-52dd88,Company_127,Cybersecurity,US,2023-02-21,ads,Pro,23,False,False,1508.3636363636365,18100.36363636364,24.63636363636364,0.0909090909090909,0.0,False,annual,0.6363636363636364,516.0,180823.0,33.0,0.0646464646464646,1.0,72.0,0.0,0.0,0,0.17666666666666667
A-bece89,Company_128,Cybersecurity,IN,2023-12-01,event,Pro,26,False,False,3208.333333333333,38500.0,28.33333333333333,0.1666666666666666,0.0,False,annual,0.6666666666666666,176.0,48112.0,13.0,0.0888888888888888,4.0,32.5,4.0,0.25,1,0.49666666666666665
A-029f69,Company_129,Cybersecurity,CA,2024-03-07,event,Basic,3,False,False,914.875,10978.5,13.75,0.125,0.0,True,annual,0.625,789.0,241275.0,42.0,0.0880208333333333,2.0,42.0,3.0,0.0,1,0.44
A-5c046d,Company_130,EdTech,FR,2024-07-06,partner,Basic,93,False,False,10485.75,125829.0,93.0,0.0,0.0,False,annual,0.75,475.0,127926.0,23.0,0.115625,1.0,13.0,3.0,0.0,0,0.18
A-fb186e,Company_131,EdTech,IN,2024-10-27,organic,Basic,29,False,False,1923.6666666666667,23084.0,30.33333333333333,0.0,0.0,False,annual,0.6666666666666666,207.0,72170.0,7.0,0.25,6.0,26.166666666666668,3.6666666666666665,0.0,0,0.15333333333333332
A-ae052e,Company_132,FinTech,CA,2023-09-11,other,Basic,39,False,False,1282.1666666666667,15386.0,39.16666666666666,0.1666666666666666,0.1666666666666666,True,monthly,1.0,300.0,88383.0,12.0,0.3309523809523809,4.0,31.25,4.0,0.0,1,0.37
A-9f9299,Company_133,FinTech,US,2023-09-02,organic,Enterprise,28,True,False,2826.866666666667,33922.4,30.466666666666665,0.0,0.0,True,monthly,0.6,830.0,258465.0,54.0,0.1579365079365079,5.0,36.2,5.0,0.0,1,0.78
A-96e141,Company_134,DevTools,UK,2023-08-12,partner,Basic,14,False,False,2209.714285714286,26516.571428571428,24.571428571428573,0.0,0.0,True,monthly,1.0,346.0,81587.0,19.0,0.0571428571428571,5.0,32.8,4.333333333333333,0.0,1,0.5833333333333334
A-117171,Company_135,HealthTech,FR,2024-09-12,organic,Basic,45,False,True,2403.0,28836.0,45.0,0.0,0.2,True,monthly,1.0,208.0,59864.0,11.0,0.05,6.0,32.5,3.6666666666666665,0.1666666666666666,1,0.87
A-313be3,Company_136,EdTech,US,2023-11-15,partner,Enterprise,47,True,False,1727.8181818181818,20733.81818181818,47.81818181818182,0.0909090909090909,0.0,False,annual,0.7272727272727273,560.0,164545.0,40.0,0.0712121212121212,4.0,22.5,5.0,0.25,1,0.8233333333333334
A-671f31,Company_137,DevTools,US,2024-11-24,ads,Basic,59,False,False,5064.166666666667,60770.0,62.833333333333336,0.0,0.1666666666666666,False,annual,0.8333333333333334,167.0,43449.0,16.0,0.0,7.0,33.0,4.2,0.0,0,0.3
A-bbc346,Company_138,FinTech,US,2024-08-29,partner,Enterprise,19,False,False,2547.846153846154,30574.153846153848,25.76923076923077,0.2307692307692307,0.1538461538461538,True,annual,0.8461538461538461,650.0,179376.0,37.0,0.105006105006105,3.0,45.333333333333336,4.5,0.0,1,0.8766666666666667
A-c16101,Company_139,EdTech,IN,2024-09-06,other,Basic,7,False,False,1242.2,14906.4,15.8,0.1,0.1,False,monthly,0.9,561.0,185984.0,29.0,0.1634523809523809,4.0,28.0,5.0,0.25,1,0.4033333333333333
A-50f3f7,Company_140,HealthTech,US,2023-12-22,partner,Basic,31,False,True,2938.4666666666667,35261.6,39.0,0.0,0.1333333333333333,False,annual,0.8666666666666667,685.0,206893.0,45.0,0.0843915343915343,6.0,37.833333333333336,5.0,0.1666666666666666,0,0.19333333333333333
A-7da956,Company_141,Cybersecurity,US,2024-06-02,event,Pro,13,True,False,913.5833333333334,10963.0,14.916666666666666,0.0833333333333333,0.1666666666666666,True,annual,0.9166666666666666,543.0,150431.0,35.0,0.0638888888888888,3.0,32.666666666666664,5.0,0.0,0,0.23
A-019782,Company_142,DevTools,FR,2023-04-19,event,Enterprise,11,False,False,928.1111111111112,11137.333333333334,13.666666666666666,0.1111111111111111,0.0,True,annual,0.6666666666666666,562.0,160848.0,30.0,0.0530864197530864,2.0,10.0,3.0,0.0,0,0.18
A-df10db,Company_143,DevTools,US,2023-06-06,other,Enterprise,2,True,False,1066.3636363636365,12796.363636363636,17.09090909090909,0.1818181818181818,0.0,True,monthly,0.8181818181818182,697.0,214976.0,40.0,0.022077922077922,2.0,68.5,3.0,0.5,1,0.8366666666666667
A-3932db,Company_144,HealthTech,CA,2023-10-04,other,Pro,19,True,True,1565.2222222222222,18782.666666666668,29.88888888888889,0.2222222222222222,0.1111111111111111,True,monthly,1.0,434.0,134963.0,28.0,0.0936507936507936,6.0,41.0,4.333333333333333,0.0,0,0.16333333333333333
A-4f18f0,Company_145,DevTools,CA,2024-04-21,other,Pro,24,True,False,2522.0,30264.0,27.08333333333333,0.0,0.0833333333333333,True,monthly,0.75,544.0,168051.0,25.0,0.1902777777777777,5.0,39.2,4.0,0.0,1,0.8133333333333334
A-4c6f11,Company_146,FinTech,CA,2023-11-27,organic,Pro,24,True,True,1517.2,18206.4,26.8,0.0,0.2,False,monthly,0.6,268.0,84855.0,4.0,0.04,3.0,44.66666666666666,4.333333333333333,0.0,1,0.41333333333333333
A-8ae05d,Company_147,FinTech,IN,2024-04-06,other,Enterprise,86,False,False,3747.142857142857,44965.71428571428,86.0,0.0,0.0,True,monthly,0.7142857142857143,203.0,77446.0,10.0,0.0357142857142857,1.0,47.0,4.0,0.0,1,0.59
A-b78bf8,Company_148,DevTools,US,2024-11-15,event,Pro,33,False,False,2802.875,33634.5,35.0,0.125,0.125,False,monthly,1.0,421.0,123802.0,11.0,0.1954365079365079,5.0,24.2,4.2,0.0,1,0.5333333333333333
A-eafc6e,Company_149,DevTools,US,2023-07-06,partner,Pro,27,False,True,2318.428571428572,27821.14285714286,36.0,0.0,0.0,False,monthly,0.8571428571428571,300.0,90218.0,15.0,0.0880952380952381,1.0,64.0,0.0,0.0,1,0.7833333333333333
A-37f969,Company_150,HealthTech,IN,2023-10-14,partner,Enterprise,30,False,False,2869.875,34438.5,32.625,0.25,0.0,False,monthly,0.75,312.0,107852.0,14.0,0.1063988095238095,5.0,22.2,3.6666666666666665,0.2,1,0.4766666666666667
A-10b8f2,Company_151,HealthTech,DE,2023-01-11,organic,Basic,47,True,False,2559.9166666666665,30719.0,52.66666666666666,0.0833333333333333,0.0,False,annual,0.6666666666666666,560.0,173183.0,23.0,0.1611111111111111,3.0,46.333333333333336,4.333333333333333,0.0,1,0.41
A-439b2f,Company_152,DevTools,US,2024-02-21,ads,Enterprise,1,False,True,299.3333333333333,3592.0,11.0,0.1666666666666666,0.0,True,annual,0.8333333333333334,171.0,54271.0,5.0,0.0833333333333333,3.0,18.33333333333333,0.0,0.0,1,0.7866666666666666
A-544d0a,Company_153,DevTools,US,2024-05-02,organic,Basic,2,True,False,1849.2,22190.4,17.1,0.1,0.2,False,monthly,0.7,510.0,152826.0,22.0,0.1732804232804232,2.0,38.5,4.0,0.5,0,0.13
A-ba6516,Company_154,FinTech,US,2023-10-29,ads,Pro,27,False,False,2183.0,26196.0,30.615384615384617,0.0769230769230769,0.2307692307692307,False,monthly,0.7692307692307693,642.0,213554.0,32.0,0.1888888888888888,6.0,31.5,4.0,0.0,1,0.38333333333333336
A-712426,Company_155,HealthTech,US,2024-11-10,other,Enterprise,9,False,False,746.4666666666667,8957.6,22.866666666666667,0.1333333333333333,0.0,True,annual,1.0,696.0,214681.0,31.0,0.066609977324263,6.0,37.333333333333336,4.4,0.0,1,0.55
A-038089,Company_156,DevTools,FR,2023-12-19,other,Pro,5,False,True,701.3333333333334,8416.0,15.333333333333334,0.0,0.0,False,annual,1.0,210.0,63673.0,15.0,0.1111111111111111,6.0,30.166666666666668,3.6666666666666665,0.0,1,0.5266666666666666
A-afa505,Company_157,DevTools,US,2023-12-27,partner,Basic,70,True,False,7334.444444444444,88013.33333333333,70.0,0.2222222222222222,0.1111111111111111,True,monthly,0.5555555555555556,507.0,162673.0,28.0,0.1975308641975308,4.0,37.25,3.0,0.25,1,0.8866666666666667
A-d5a319,Company_158,FinTech,US,2023-05-04,other,Enterprise,15,False,True,3153.9166666666665,37847.0,24.416666666666668,0.25,0.1666666666666666,False,annual,0.8333333333333334,604.0,212655.0,43.0,0.0833333333333333,1.0,17.0,4.0,1.0,0,0.18
A-f97b9a,Company_159,FinTech,US,2023-07-09,event,Pro,16,False,False,2166.6363636363635,25999.636363636364,27.272727272727277,0.0909090909090909,0.0,False,annual,0.7272727272727273,561.0,173241.0,33.0,0.1084415584415584,7.0,31.714285714285715,3.6666666666666665,0.0,0,0.17333333333333334
A-2f6a32,Company_160,HealthTech,US,2024-08-26,organic,Basic,19,False,False,683.0,8196.0,23.181818181818183,0.0909090909090909,0.0,True,annual,1.0,654.0,207283.0,46.0,0.0882395382395382,2.0,41.0,3.5,0.0,0,0.19
A-856b1e,Company_161,FinTech,US,2023-10-31,partner,Basic,19,False,False,1053.5,12642.0,24.666666666666668,0.1666666666666666,0.0,False,monthly,0.8333333333333334,230.0,63418.0,24.0,0.1349206349206349,5.0,36.0,0.0,0.2,0,0.19333333333333333
A-17939a,Company_162,HealthTech,US,2024-12-26,organic,Basic,1,False,False,879.0,10548.0,28.181818181818183,0.0,0.0,True,monthly,0.8181818181818182,440.0,121725.0,43.0,0.1166666666666666,7.0,38.0,4.5,0.0,0,0.18666666666666668
A-d27f50,Company_163,Cybersecurity,UK,2024-07-20,ads,Enterprise,44,False,False,3734.5833333333335,44815.0,44.41666666666666,0.0833333333333333,0.0,True,monthly,0.75,481.0,170101.0,31.0,0.1486111111111111,4.0,37.5,3.75,0.0,0,0.22
A-e36807,Company_164,EdTech,AU,2024-05-17,other,Pro,6,False,False,1256.9,15082.8,31.6,0.0,0.0,True,annual,0.8,446.0,140849.0,27.0,0.0583333333333333,2.0,41.0,4.5,0.0,0,0.22666666666666666
A-ff79f2,Company_165,DevTools,US,2024-04-25,ads,Basic,8,False,True,3097.0,37164.0,30.55555555555556,0.2222222222222222,0.0,True,monthly,0.6666666666666666,393.0,133848.0,12.0,0.0518518518518518,2.0,50.0,0.0,0.0,0,0.24
A-5b1bcd,Company_166,DevTools,US,2023-09-16,organic,Pro,73,False,False,8886.533333333333,106638.4,73.0,0.2,0.0,True,annual,0.8666666666666667,869.0,251284.0,54.0,0.0635978835978836,4.0,43.25,4.5,0.0,1,0.8866666666666667
A-71615e,Company_167,EdTech,US,2024-05-18,organic,Basic,15,False,False,3131.769230769231,37581.230769230766,31.923076923076923,0.2307692307692307,0.0,False,annual,0.7692307692307693,620.0,194799.0,41.0,0.0502136752136752,1.0,49.0,0.0,0.0,1,0.8033333333333333
A-794a0b,Company_168,HealthTech,DE,2023-06-02,organic,Basic,23,False,False,1510.7142857142858,18128.571428571428,25.857142857142858,0.0,0.0,False,monthly,0.7142857142857143,347.0,94200.0,31.0,0.0476190476190476,0.0,0.0,0.0,0.0,1,0.8
A-86902e,Company_169,HealthTech,IN,2023-05-02,other,Enterprise,34,False,False,3604.1,43249.2,36.7,0.2,0.0,True,annual,0.9,628.0,202329.0,36.0,0.1275,9.0,40.888888888888886,3.5,0.0,1,0.47333333333333333
A-0532a9,Company_170,FinTech,IN,2024-09-25,event,Pro,19,False,False,1516.1,18193.2,20.9,0.4,0.1,False,annual,0.5,519.0,157792.0,30.0,0.1119047619047619,8.0,30.75,3.0,0.0,1,0.7866666666666666
A-9779ad,Company_171,Cybersecurity,AU,2024-03-29,event,Pro,40,True,True,5168.0,62016.0,40.0,0.0,0.0,False,monthly,0.5,413.0,109079.0,25.0,0.0699999999999999,3.0,20.666666666666668,5.0,0.0,1,0.8133333333333334
A-f45426,Company_172,HealthTech,US,2024-08-05,organic,Basic,9,False,False,1571.7272727272727,18860.727272727272,19.818181818181817,0.0,0.2727272727272727,True,monthly,0.7272727272727273,624.0,191651.0,49.0,0.081060606060606,3.0,17.0,4.0,0.0,1,0.5
A-c1e51e,Company_173,FinTech,US,2024-10-02,organic,Basic,3,False,False,2390.5,28686.0,23.5,0.1,0.1,True,monthly,1.0,518.0,152228.0,36.0,0.1138888888888888,5.0,40.0,3.2,0.0,1,0.7933333333333333
A-fa3095,Company_174,FinTech,US,2023-09-03,ads,Basic,70,False,False,5769.166666666667,69230.0,70.0,0.0,0.0,False,annual,1.0,600.0,202100.0,42.0,0.1036706349206349,5.0,49.2,5.0,0.0,1,0.58
A-ad64c6,Company_175,DevTools,UK,2024-02-23,event,Pro,12,False,False,2451.333333333333,29416.0,24.33333333333333,0.0,0.0,True,annual,0.6666666666666666,215.0,79605.0,18.0,0.1333333333333333,4.0,34.0,5.0,0.0,1,0.8166666666666667
A-39b19f,Company_176,FinTech,US,2023-02-03,partner,Enterprise,1,False,False,1930.636363636364,23167.636363636364,30.818181818181817,0.0909090909090909,0.0909090909090909,True,monthly,0.7272727272727273,530.0,135061.0,37.0,0.1,6.0,47.833333333333336,4.25,0.1666666666666666,1,0.81
A-56962b,Company_177,EdTech,UK,2024-04-09,partner,Enterprise,163,False,False,7800.714285714285,93608.57142857143,163.0,0.1428571428571428,0.0,True,monthly,0.8571428571428571,271.0,81944.0,25.0,0.1238095238095238,4.0,37.5,3.0,0.0,1,0.4533333333333333
A-e60f9d,Company_178,FinTech,US,2024-08-26,other,Basic,29,False,False,3387.8,40653.6,36.13333333333333,0.0,0.1333333333333333,True,annual,0.9333333333333332,629.0,158587.0,24.0,0.0822222222222222,2.0,70.5,0.0,0.0,0,0.16
A-88c6ca,Company_179,FinTech,DE,2024-10-25,ads,Basic,5,False,True,921.2857142857144,11055.42857142857,16.0,0.0,0.0,False,monthly,1.0,446.0,130195.0,19.0,0.1464285714285714,1.0,56.0,0.0,0.0,0,0.12333333333333334
A-158f4e,Company_180,FinTech,IN,2023-03-03,other,Enterprise,61,False,False,3654.9166666666665,43859.0,61.0,0.0,0.0,True,annual,0.8333333333333334,453.0,124458.0,29.0,0.0972222222222222,5.0,27.6,4.333333333333333,0.0,1,0.6133333333333333
A-5b051a,Company_181,Cybersecurity,US,2024-08-05,event,Enterprise,22,False,False,583.0,6996.0,22.0,0.0,0.0,True,monthly,1.0,171.0,44864.0,17.0,0.2083333333333333,1.0,2.0,3.0,0.0,0,0.22333333333333333
A-296d7c,Company_182,DevTools,DE,2023-11-08,other,Enterprise,2,False,False,284.1428571428572,3409.714285714286,10.714285714285714,0.0,0.0,False,annual,0.7142857142857143,357.0,124753.0,18.0,0.195578231292517,5.0,50.4,3.75,0.0,1,0.38
A-1619f8,Company_183,DevTools,US,2024-05-20,organic,Pro,29,False,False,2827.1428571428573,33925.71428571428,32.714285714285715,0.1428571428571428,0.0,False,monthly,0.7142857142857143,432.0,142787.0,26.0,0.0416666666666666,3.0,42.0,5.0,0.0,1,0.58
A-a1b80b,Company_184,HealthTech,US,2023-11-27,organic,Basic,16,False,False,2161.8125,25941.75,21.8125,0.1875,0.0625,True,annual,0.75,749.0,222610.0,48.0,0.0766369047619047,4.0,41.0,4.0,0.0,1,0.7833333333333333
A-139c3b,Company_185,HealthTech,US,2024-11-21,organic,Enterprise,10,True,True,1128.375,13540.5,21.75,0.125,0.0,True,annual,0.75,478.0,150601.0,16.0,0.181547619047619,9.0,28.444444444444443,4.5,0.0,0,0.18333333333333332
A-702032,Company_186,HealthTech,US,2023-10-03,ads,Pro,28,False,False,1423.3333333333333,17080.0,28.0,0.1666666666666666,0.0,True,annual,0.8333333333333334,285.0,91776.0,15.0,0.0333333333333333,4.0,26.0,3.0,0.0,1,0.5266666666666666
A-7a0d69,Company_187,DevTools,DE,2024-06-15,ads,Enterprise,4,True,True,942.0,11304.0,15.818181818181818,0.1818181818181818,0.0,False,monthly,0.9090909090909092,606.0,179167.0,31.0,0.0886363636363636,2.0,29.0,5.0,0.0,1,0.7866666666666666
A-22d9d2,Company_188,DevTools,FR,2024-03-22,event,Pro,8,False,False,1339.0,16068.0,23.142857142857142,0.1428571428571428,0.0714285714285714,True,monthly,0.7857142857142857,782.0,239679.0,43.0,0.0853174603174603,6.0,16.0,4.0,0.1666666666666666,1,0.7233333333333334
A-b9eed8,Company_189,Cybersecurity,US,2024-02-23,organic,Basic,11,False,False,1507.0,18084.0,15.727272727272728,0.0,0.2727272727272727,False,annual,0.8181818181818182,623.0,168474.0,55.0,0.1484848484848484,5.0,29.2,3.75,0.2,1,0.49
A-dfbd31,Company_190,DevTools,UK,2023-12-04,partner,Enterprise,14,False,False,1791.357142857143,21496.285714285717,25.928571428571427,0.0714285714285714,0.0714285714285714,False,monthly,0.7857142857142857,599.0,182273.0,19.0,0.141156462585034,6.0,29.666666666666668,4.25,0.0,1,0.37333333333333335
A-8e47ca,Company_191,HealthTech,US,2024-02-15,organic,Pro,19,False,False,3124.4444444444443,37493.333333333336,21.11111111111111,0.1111111111111111,0.0,True,monthly,0.7777777777777778,441.0,133497.0,35.0,0.0529100529100529,5.0,33.4,4.0,0.2,1,0.6766666666666666
A-4437e4,Company_192,Cybersecurity,US,2023-09-16,event,Enterprise,3,False,False,1114.4375,13373.25,14.0625,0.25,0.0625,True,annual,0.9375,806.0,260271.0,43.0,0.0840773809523809,6.0,34.666666666666664,3.0,0.3333333333333333,1,0.7
A-779e4e,Company_193,HealthTech,US,2023-01-02,organic,Basic,5,False,False,2808.1,33697.2,28.9,0.2,0.1,True,annual,0.9,393.0,111038.0,20.0,0.1708333333333333,5.0,26.6,4.0,0.0,0,0.27
A-53f4e3,Company_194,Cybersecurity,UK,2024-06-14,event,Enterprise,13,False,False,1507.2,18086.4,25.8,0.0,0.0,True,annual,0.8,410.0,127529.0,45.0,0.05,5.0,28.6,4.0,0.0,1,0.8433333333333334
A-692f18,Company_195,EdTech,US,2024-03-28,other,Basic,5,True,True,1797.0588235294117,21564.70588235294,15.882352941176473,0.1176470588235294,0.0588235294117647,True,annual,0.7058823529411765,871.0,261911.0,55.0,0.1220588235294117,2.0,37.5,5.0,0.0,1,0.47333333333333333
A-13466a,Company_196,DevTools,AU,2023-10-22,event,Basic,2,False,True,2223.833333333333,26686.0,23.666666666666668,0.0,0.0,True,annual,0.8333333333333334,205.0,57539.0,14.0,0.125,3.0,32.333333333333336,4.333333333333333,0.3333333333333333,1,0.5233333333333333
A-1986ca,Company_197,HealthTech,IN,2023-01-30,ads,Pro,20,False,False,3951.571428571429,47418.857142857145,22.714285714285715,0.1428571428571428,0.0,False,monthly,0.5714285714285714,362.0,102382.0,23.0,0.125,7.0,36.57142857142857,3.4,0.0,0,0.19333333333333333
A-0cc442,Company_198,EdTech,US,2024-07-18,organic,Basic,45,False,False,4764.2307692307695,57170.769230769234,49.61538461538461,0.2307692307692307,0.0769230769230769,True,monthly,0.6923076923076923,765.0,230759.0,41.0,0.0852564102564102,3.0,37.0,3.0,0.0,1,0.67
A-c608c8,Company_199,DevTools,DE,2023-04-27,ads,Pro,3,False,True,1189.25,14271.0,17.0,0.125,0.125,True,monthly,0.75,445.0,144345.0,27.0,0.0900297619047619,2.0,59.0,3.0,0.0,1,0.37333333333333335
A-3be56b,Company_200,HealthTech,IN,2023-10-26,event,Pro,3,False,True,1420.0,17040.0,22.58333333333333,0.0833333333333333,0.0833333333333333,True,annual,0.75,528.0,169908.0,33.0,0.1680555555555555,4.0,40.25,3.5,0.0,1,0.7533333333333333
A-354f12,Company_201,FinTech,US,2024-04-28,ads,Pro,1,True,False,2222.25,26667.0,12.75,0.0,0.25,False,annual,1.0,158.0,48510.0,3.0,0.05,2.0,56.5,0.0,0.0,1,0.5
A-68f37c,Company_202,HealthTech,US,2023-07-15,ads,Basic,4,False,False,2689.1666666666665,32270.0,31.916666666666668,0.25,0.0,True,monthly,0.9166666666666666,624.0,202756.0,40.0,0.173051948051948,5.0,20.2,4.0,0.0,1,0.8166666666666667
A-aa9511,Company_203,DevTools,US,2023-10-10,other,Pro,23,True,False,4064.6666666666665,48776.0,34.0,0.0,0.0666666666666666,True,monthly,0.8666666666666667,625.0,189526.0,35.0,0.0861904761904761,2.0,56.5,4.0,0.0,1,0.8666666666666667
A-af0cd2,Company_204,Cybersecurity,IN,2023-01-03,other,Enterprise,19,True,False,587.2727272727273,7047.272727272727,25.818181818181817,0.0909090909090909,0.0,True,annual,0.8181818181818182,687.0,225366.0,33.0,0.1340909090909091,3.0,54.333333333333336,0.0,0.0,1,0.48
A-bd4513,Company_205,DevTools,AU,2024-11-06,event,Enterprise,50,True,False,4350.333333333333,52204.0,51.333333333333336,0.1666666666666666,0.0,True,annual,0.8333333333333334,507.0,157547.0,34.0,0.0902777777777777,3.0,42.0,4.666666666666667,0.0,1,0.6666666666666666
A-c222ab,Company_206,Cybersecurity,US,2024-05-10,other,Pro,32,False,True,2665.1428571428573,31981.714285714286,32.0,0.1428571428571428,0.0,True,monthly,0.8571428571428571,435.0,133441.0,33.0,0.1275510204081632,4.0,39.0,5.0,0.0,1,0.83
A-34d880,Company_207,Cybersecurity,AU,2024-04-11,ads,Enterprise,4,False,False,2329.333333333333,27952.0,19.11111111111111,0.0,0.0,True,monthly,0.6666666666666666,474.0,144424.0,40.0,0.0456349206349206,5.0,52.2,3.0,0.0,1,0.33
A-508199,Company_208,FinTech,AU,2024-01-28,event,Basic,19,False,False,1687.2,20246.4,20.6,0.0,0.0,False,annual,0.6,231.0,80389.0,15.0,0.0619047619047619,3.0,50.66666666666666,3.0,0.0,0,0.13666666666666666
A-f03140,Company_209,DevTools,IN,2023-11-22,event,Pro,27,True,False,2107.5,25290.0,28.2,0.1,0.1,False,annual,0.8,595.0,196965.0,22.0,0.0858766233766233,7.0,36.0,3.6666666666666665,0.0,1,0.7266666666666667
A-410e86,Company_210,FinTech,US,2024-11-10,organic,Basic,24,False,False,2280.0,27360.0,25.285714285714285,0.0,0.0,True,annual,0.4285714285714285,292.0,107443.0,21.0,0.0809523809523809,5.0,42.6,3.5,0.0,0,0.14333333333333334
A-fa2041,Company_211,HealthTech,US,2024-05-29,organic,Pro,15,True,False,1742.9166666666667,20915.0,21.83333333333333,0.0,0.0,False,monthly,0.9166666666666666,552.0,157263.0,34.0,0.0813492063492063,1.0,16.0,3.0,0.0,1,0.43333333333333335
A-de58ca,Company_212,HealthTech,DE,2023-04-13,organic,Enterprise,15,False,False,2173.181818181818,26078.18181818182,38.18181818181818,0.0,0.0,True,annual,0.5454545454545454,505.0,141942.0,33.0,0.1864718614718614,5.0,30.6,3.333333333333333,0.0,0,0.13666666666666666
A-05d3b3,Company_213,DevTools,AU,2023-05-28,ads,Basic,9,True,False,970.0,11640.0,17.923076923076923,0.0,0.0,True,annual,0.7692307692307693,642.0,193363.0,22.0,0.0476190476190476,6.0,31.5,4.333333333333333,0.0,1,0.8033333333333333
A-249769,Company_214,Cybersecurity,US,2024-04-25,event,Enterprise,4,False,True,1209.0,14508.0,13.23076923076923,0.0,0.0,False,annual,1.0,678.0,193777.0,30.0,0.0378205128205128,2.0,39.5,4.0,0.0,1,0.81
A-e43bf7,Company_215,Cybersecurity,AU,2023-03-24,other,Pro,44,False,False,6666.571428571428,79998.85714285714,47.71428571428572,0.4285714285714285,0.0,False,annual,0.8571428571428571,371.0,103455.0,35.0,0.0761904761904761,5.0,27.4,4.0,0.2,1,0.61
A-eb2fdc,Company_216,DevTools,AU,2023-11-21,organic,Enterprise,31,False,True,2664.0,31968.0,33.5,0.0,0.0,True,annual,0.8333333333333334,547.0,174663.0,17.0,0.0479166666666666,5.0,33.6,4.5,0.0,1,0.6633333333333333
A-e1462e,Company_217,FinTech,UK,2023-03-12,partner,Basic,15,False,False,1718.571428571429,20622.85714285714,23.285714285714285,0.1428571428571428,0.1428571428571428,False,annual,0.7142857142857143,347.0,98097.0,22.0,0.1047619047619047,2.0,39.5,3.5,0.0,1,0.37
A-cab532,Company_218,DevTools,FR,2023-04-03,organic,Pro,11,True,False,1339.2,16070.4,24.0,0.1333333333333333,0.0666666666666666,True,annual,0.9333333333333332,1005.0,273639.0,47.0,0.0683333333333333,1.0,32.0,4.0,0.0,1,0.83
A-9123ac,Company_219,Cybersecurity,DE,2023-06-20,organic,Pro,9,False,False,2107.285714285714,25287.42857142857,16.285714285714285,0.0,0.1428571428571428,False,monthly,1.0,386.0,120014.0,24.0,0.1285714285714286,6.0,38.833333333333336,4.2,0.0,1,0.7166666666666667
A-6e08f3,Company_220,Cybersecurity,US,2023-02-27,event,Basic,8,False,False,1819.0,21828.0,17.2,0.1,0.1,False,monthly,0.7,492.0,149078.0,21.0,0.1649999999999999,2.0,36.5,3.5,0.0,1,0.2633333333333333
A-d922bf,Company_221,HealthTech,US,2023-09-08,ads,Basic,5,True,True,2444.8571428571427,29338.285714285717,18.857142857142858,0.0,0.0,True,annual,1.0,419.0,134119.0,19.0,0.0654761904761904,7.0,39.142857142857146,3.333333333333333,0.1428571428571428,1,0.8166666666666667
A-8ed5dd,Company_222,EdTech,UK,2023-06-29,event,Enterprise,5,False,True,996.3333333333334,11956.0,12.833333333333334,0.25,0.0833333333333333,True,annual,0.9166666666666666,545.0,173217.0,45.0,0.0259740259740259,6.0,29.0,3.75,0.0,1,0.5566666666666666
A-7c6b6b,Company_223,FinTech,US,2024-11-30,other,Basic,6,False,False,688.2857142857143,8259.42857142857,14.571428571428571,0.0,0.0,True,monthly,0.8571428571428571,311.0,82471.0,24.0,0.1388888888888889,5.0,52.2,4.333333333333333,0.0,1,0.7433333333333333
A-3c1a3f,Company_224,DevTools,UK,2023-08-26,event,Pro,1,False,False,1242.4166666666667,14909.0,19.33333333333333,0.0,0.0833333333333333,True,annual,0.8333333333333334,497.0,172341.0,22.0,0.1416666666666666,4.0,33.25,3.5,0.0,0,0.20333333333333334
A-b48f73,Company_225,EdTech,AU,2024-11-13,event,Pro,80,True,False,4045.714285714286,48548.57142857143,80.0,0.0,0.0,False,annual,0.5714285714285714,412.0,118416.0,23.0,0.0693877551020408,3.0,28.666666666666668,4.0,0.0,0,0.24
A-76fa4d,Company_226,HealthTech,US,2024-11-24,event,Pro,69,False,False,8812.285714285714,105747.42857142857,69.0,0.0,0.0,True,monthly,0.8571428571428571,357.0,126251.0,21.0,0.1122448979591836,5.0,33.4,4.5,0.0,1,0.8666666666666667
A-b2af2e,Company_227,Cybersecurity,UK,2024-08-24,event,Enterprise,5,False,False,778.0,9336.0,22.0,0.0,0.25,False,monthly,0.25,174.0,60214.0,11.0,0.1958333333333333,2.0,39.5,4.0,0.0,1,0.45666666666666667
A-9bfc9f,Company_228,DevTools,CA,2023-09-14,ads,Pro,53,False,False,1704.6666666666667,20456.0,53.77777777777778,0.3333333333333333,0.2222222222222222,True,monthly,0.8888888888888888,376.0,109862.0,18.0,0.0873015873015873,6.0,35.333333333333336,3.333333333333333,0.1666666666666666,0,0.19666666666666666
A-4ae22a,Company_229,EdTech,US,2024-05-09,other,Pro,6,False,True,1347.428571428571,16169.142857142857,15.428571428571429,0.0,0.0,True,annual,0.8571428571428571,369.0,142387.0,31.0,0.1930272108843537,3.0,14.333333333333334,3.0,0.0,1,0.43666666666666665
A-fda07f,Company_230,Cybersecurity,FR,2024-08-11,partner,Basic,7,False,False,2368.1666666666665,28418.0,24.08333333333333,0.3333333333333333,0.0833333333333333,False,annual,0.8333333333333334,681.0,231376.0,39.0,0.0493055555555555,5.0,17.8,4.0,0.0,1,0.5533333333333333
A-de24d5,Company_231,DevTools,US,2024-11-05,other,Enterprise,5,True,False,1640.5384615384614,19686.46153846154,20.923076923076923,0.0,0.0,True,annual,0.9230769230769232,537.0,140266.0,28.0,0.0905982905982906,7.0,43.142857142857146,3.0,0.0,0,0.16
A-977ca0,Company_232,HealthTech,IN,2023-02-20,partner,Basic,6,False,True,1878.4375,22541.25,24.8125,0.0625,0.0,True,monthly,0.8125,893.0,242860.0,46.0,0.147172619047619,3.0,64.0,4.0,0.0,0,0.20333333333333334
A-ab438f,Company_233,Cybersecurity,US,2024-09-13,ads,Enterprise,13,False,True,2044.75,24537.0,32.625,0.125,0.0,True,annual,0.75,369.0,111452.0,12.0,0.0979166666666666,2.0,33.5,3.5,0.0,1,0.44666666666666666
A-e89151,Company_234,FinTech,UK,2023-09-14,organic,Pro,8,True,True,2414.8888888888887,28978.666666666668,19.55555555555556,0.3333333333333333,0.0,True,monthly,0.7777777777777778,601.0,188786.0,29.0,0.2923280423280423,2.0,41.5,5.0,0.0,0,0.22333333333333333
A-40906c,Company_235,EdTech,US,2024-03-27,ads,Basic,92,False,False,5366.666666666667,64400.0,92.0,0.0,0.0,False,annual,0.8333333333333334,685.0,210243.0,32.0,0.1052910052910052,5.0,29.2,3.75,0.0,0,0.17
A-81edc3,Company_236,Cybersecurity,IN,2023-10-30,ads,Basic,5,False,False,1460.3333333333333,17524.0,16.916666666666668,0.1666666666666666,0.0,False,monthly,0.6666666666666666,765.0,245080.0,41.0,0.1428330928330928,3.0,52.66666666666666,4.0,0.0,1,0.78
A-328bd0,Company_237,HealthTech,AU,2023-05-16,partner,Enterprise,18,False,False,1229.1538461538462,14749.846153846154,23.0,0.0769230769230769,0.0769230769230769,True,monthly,0.7692307692307693,568.0,162210.0,49.0,0.0956043956043956,5.0,46.0,3.6666666666666665,0.0,0,0.19333333333333333
A-b3fe05,Company_238,Cybersecurity,CA,2024-05-28,partner,Pro,8,False,False,2721.555555555556,32658.666666666668,26.22222222222222,0.0,0.0,True,monthly,0.8888888888888888,438.0,141962.0,18.0,0.1626984126984126,4.0,48.25,3.0,0.0,0,0.19
A-09540c,Company_239,Cybersecurity,CA,2023-10-30,event,Basic,67,True,False,3953.0,47436.0,67.0,0.1666666666666666,0.1666666666666666,True,monthly,0.8333333333333334,297.0,94696.0,16.0,0.0988095238095238,2.0,28.0,4.5,0.0,1,0.67
A-e693b6,Company_240,FinTech,AU,2023-05-25,event,Enterprise,55,False,True,2846.25,34155.0,55.0,0.0833333333333333,0.0,True,annual,0.9166666666666666,681.0,206167.0,25.0,0.0722222222222222,1.0,1.0,3.0,0.0,1,0.78
A-2446e3,Company_241,EdTech,IN,2024-01-10,organic,Pro,27,False,False,3448.285714285714,41379.42857142857,27.0,0.1428571428571428,0.1428571428571428,False,monthly,0.5714285714285714,496.0,151037.0,32.0,0.0914502164502164,3.0,28.666666666666668,4.0,0.0,1,0.4866666666666667
A-241e75,Company_242,EdTech,US,2024-07-03,partner,Enterprise,3,False,False,718.8,8625.6,19.2,0.0,0.2,False,annual,0.8,266.0,100257.0,20.0,0.0507936507936507,4.0,31.5,4.5,0.0,1,0.83
A-922109,Company_243,Cybersecurity,US,2024-01-26,ads,Pro,3,False,False,1086.0,13032.0,16.076923076923077,0.0,0.0,True,monthly,0.7692307692307693,819.0,274464.0,34.0,0.0576923076923076,3.0,25.33333333333333,3.0,0.0,1,0.6166666666666667
A-ff3c73,Company_244,HealthTech,AU,2023-01-26,other,Pro,21,False,False,481.6666666666667,5780.0,29.11111111111111,0.1111111111111111,0.0,True,annual,0.7777777777777778,408.0,143989.0,23.0,0.0939153439153439,2.0,35.5,3.5,0.0,1,0.48333333333333334
A-8b0451,Company_245,FinTech,UK,2024-09-16,event,Enterprise,41,False,False,3170.9,38050.8,41.2,0.0,0.0,True,annual,0.8,606.0,177930.0,45.0,0.1127777777777777,7.0,26.571428571428573,3.5,0.0,1,0.46
A-331424,Company_246,DevTools,US,2023-11-06,organic,Basic,11,False,False,1129.3333333333333,13552.0,11.0,0.0,0.0,True,annual,0.5,214.0,76170.0,9.0,0.15,2.0,24.5,0.0,0.0,1,0.31666666666666665
A-51ec1b,Company_247,DevTools,US,2023-11-08,ads,Enterprise,7,False,False,1847.8333333333333,22174.0,13.833333333333334,0.5,0.3333333333333333,True,annual,0.8333333333333334,283.0,111162.0,12.0,0.0879629629629629,3.0,52.333333333333336,5.0,0.3333333333333333,1,0.8033333333333333
A-bcf664,Company_248,DevTools,US,2023-05-19,other,Pro,5,False,False,1056.0,12672.0,22.692307692307693,0.0,0.0,True,monthly,1.0,575.0,181920.0,28.0,0.0794871794871794,5.0,36.0,4.0,0.2,1,0.8133333333333334
A-90a8c8,Company_249,FinTech,AU,2024-08-24,organic,Pro,15,False,False,3787.714285714286,45452.57142857143,29.571428571428573,0.2857142857142857,0.0,False,annual,0.7142857142857143,404.0,127486.0,20.0,0.1037414965986394,4.0,45.0,3.25,0.0,1,0.52
A-86cdb4,Company_250,DevTools,DE,2024-09-22,partner,Basic,2,False,False,394.55555555555554,4734.666666666667,13.666666666666666,0.0,0.0,True,monthly,1.0,492.0,167226.0,24.0,0.1283068783068782,5.0,26.4,4.333333333333333,0.0,0,0.17666666666666667
A-4bfa33,Company_251,Cybersecurity,US,2024-12-07,event,Basic,8,True,False,800.8571428571429,9610.285714285714,20.285714285714285,0.0,0.0,True,monthly,0.8571428571428571,329.0,78244.0,17.0,0.0979591836734693,4.0,16.5,3.6666666666666665,0.0,1,0.42
A-dbc825,Company_252,EdTech,FR,2024-01-07,partner,Enterprise,19,False,False,2650.25,31803.0,27.1875,0.125,0.0,True,annual,0.875,730.0,212801.0,58.0,0.1079861111111111,6.0,49.5,4.0,0.1666666666666666,1,0.8533333333333334
A-c70870,Company_253,Cybersecurity,US,2024-10-22,partner,Basic,31,False,False,5659.142857142857,67909.71428571429,61.57142857142857,0.2857142857142857,0.1428571428571428,False,annual,1.0,334.0,106338.0,18.0,0.101360544217687,5.0,35.6,4.0,0.0,1,0.8766666666666667
A-7c4956,Company_254,DevTools,US,2023-05-06,ads,Enterprise,5,False,True,426.125,5113.5,15.125,0.0,0.0,True,annual,0.75,475.0,129707.0,40.0,0.1316964285714285,3.0,13.666666666666666,4.0,0.0,0,0.20666666666666667
A-0651a4,Company_255,HealthTech,FR,2024-10-16,organic,Pro,16,False,False,2970.9333333333334,35651.2,26.8,0.0,0.0,True,annual,0.8666666666666667,705.0,201426.0,37.0,0.1506349206349206,4.0,29.25,4.0,0.0,1,0.56
A-3ce5b8,Company_256,FinTech,IN,2023-09-07,ads,Basic,8,False,True,1850.0,22200.0,37.333333333333336,0.0,0.0,False,annual,1.0,509.0,147802.0,29.0,0.087037037037037,10.0,42.5,3.7142857142857135,0.0,1,0.72
A-bd4708,Company_257,FinTech,US,2024-07-21,ads,Pro,37,True,False,2998.076923076923,35976.92307692308,41.15384615384615,0.0769230769230769,0.0,False,annual,0.6923076923076923,653.0,201897.0,30.0,0.1117216117216117,4.0,24.0,3.5,0.0,0,0.16
A-993085,Company_258,HealthTech,US,2023-06-01,ads,Basic,31,True,False,3230.4,38764.8,33.666666666666664,0.1333333333333333,0.1333333333333333,True,monthly,0.8,665.0,216015.0,50.0,0.0863492063492063,4.0,46.5,3.5,0.0,1,0.8
A-92a3af,Company_259,Cybersecurity,IN,2024-07-07,organic,Enterprise,25,False,False,3139.818181818182,37677.81818181818,32.90909090909091,0.0,0.1818181818181818,False,monthly,0.6363636363636364,714.0,218189.0,55.0,0.1147186147186147,4.0,57.5,4.0,0.25,0,0.23333333333333334
A-151c9a,Company_260,FinTech,US,2023-01-27,ads,Enterprise,23,False,False,2850.0,34200.0,30.0,0.0,0.2,False,monthly,0.8,366.0,120907.0,14.0,0.0285714285714285,2.0,31.0,3.5,0.0,1,0.77
A-474ad4,Company_261,EdTech,US,2023-11-28,organic,Basic,8,False,False,808.3333333333334,9700.0,16.8,0.0666666666666666,0.0666666666666666,True,annual,0.6666666666666666,605.0,183355.0,45.0,0.0845238095238095,3.0,33.0,5.0,0.3333333333333333,0,0.22333333333333333
A-4ef964,Company_262,HealthTech,US,2024-03-07,organic,Pro,17,False,False,1586.5555555555557,19038.666666666668,26.444444444444443,0.0,0.0,True,monthly,0.6666666666666666,487.0,150663.0,33.0,0.1296296296296296,3.0,42.66666666666666,4.0,0.0,1,0.75
A-fd9422,Company_263,Cybersecurity,US,2024-04-04,organic,Pro,58,False,False,3125.555555555556,37506.66666666666,58.0,0.1111111111111111,0.1111111111111111,True,annual,0.7777777777777778,456.0,143313.0,21.0,0.1314814814814814,6.0,44.333333333333336,3.5,0.1666666666666666,0,0.22333333333333333
A-0baac2,Company_264,FinTech,DE,2024-05-30,organic,Enterprise,14,False,True,3083.333333333333,37000.0,23.33333333333333,0.0,0.0,True,annual,1.0,202.0,73161.0,9.0,0.0,6.0,43.5,4.333333333333333,0.0,1,0.8266666666666667
A-bb1486,Company_265,HealthTech,US,2024-11-05,organic,Basic,41,False,False,2038.375,24460.5,47.875,0.0,0.25,True,annual,0.75,405.0,118945.0,36.0,0.1055555555555555,3.0,11.0,3.0,0.0,1,0.54
A-560d27,Company_266,DevTools,US,2024-05-05,organic,Pro,23,False,False,3470.083333333333,41641.0,34.166666666666664,0.0833333333333333,0.0,True,annual,0.5833333333333334,587.0,185616.0,38.0,0.0930555555555555,4.0,30.75,3.6666666666666665,0.0,0,0.19333333333333333
A-0b0d6d,Company_267,DevTools,US,2024-12-30,organic,Pro,3,False,False,2576.230769230769,30914.76923076923,20.692307692307693,0.0769230769230769,0.0,True,annual,1.0,582.0,162411.0,48.0,0.1786324786324786,5.0,31.4,4.0,0.2,1,0.8666666666666667
A-2789e3,Company_268,FinTech,US,2024-09-14,partner,Enterprise,11,False,False,2040.75,24489.0,18.58333333333333,0.0833333333333333,0.0833333333333333,False,annual,0.8333333333333334,680.0,205877.0,45.0,0.098015873015873,4.0,47.25,4.0,0.0,0,0.23333333333333334
A-b07346,Company_269,HealthTech,US,2024-10-10,partner,Pro,51,False,True,6283.2,75398.4,51.0,0.2,0.0,False,annual,0.6,326.0,106943.0,22.0,0.1366666666666666,3.0,42.333333333333336,3.5,0.0,1,0.6
A-902ef7,Company_270,HealthTech,US,2024-09-03,other,Enterprise,83,False,True,5540.25,66483.0,83.0,0.25,0.0,False,annual,1.0,414.0,145878.0,24.0,0.1144886363636363,2.0,48.5,4.0,0.0,1,0.5966666666666667
A-20736a,Company_271,EdTech,IN,2024-03-16,organic,Enterprise,50,False,False,5789.285714285715,69471.42857142857,53.57142857142857,0.1428571428571428,0.1428571428571428,False,monthly,1.0,430.0,108408.0,22.0,0.1164399092970521,4.0,42.25,3.75,0.0,1,0.6733333333333333
A-e4bf56,Company_272,HealthTech,IN,2024-10-28,ads,Pro,17,False,True,2703.714285714286,32444.571428571428,23.428571428571427,0.0,0.1428571428571428,True,monthly,0.5714285714285714,339.0,115488.0,10.0,0.0178571428571428,8.0,29.125,3.6666666666666665,0.0,0,0.19333333333333333
A-cea1f0,Company_273,FinTech,US,2024-04-07,event,Pro,8,False,True,1224.4,14692.8,15.2,0.1,0.1,False,annual,0.4,586.0,161188.0,28.0,0.1395238095238095,5.0,42.2,4.333333333333333,0.0,0,0.12
A-ef84cf,Company_274,EdTech,US,2024-03-01,partner,Enterprise,8,False,False,1501.4,18016.8,16.2,0.0,0.2,True,annual,0.6,309.0,100420.0,11.0,0.1166666666666666,5.0,34.8,4.333333333333333,0.2,1,0.5266666666666666
A-d49cc5,Company_275,Cybersecurity,FR,2023-09-19,event,Basic,50,False,False,1665.625,19987.5,53.125,0.0,0.0,False,annual,0.875,436.0,142933.0,34.0,0.112797619047619,4.0,32.0,4.5,0.0,1,0.4633333333333333
A-67be94,Company_276,EdTech,US,2023-04-04,organic,Enterprise,26,False,False,3132.8571428571427,37594.28571428572,38.57142857142857,0.1428571428571428,0.0,True,monthly,0.8571428571428571,416.0,127197.0,17.0,0.0694444444444444,5.0,38.6,4.0,0.0,1,0.5866666666666667
A-4e960a,Company_277,FinTech,US,2024-01-17,other,Enterprise,12,True,True,1995.1666666666667,23942.0,20.58333333333333,0.0,0.0833333333333333,False,monthly,0.9166666666666666,512.0,153943.0,21.0,0.0801587301587301,6.0,29.166666666666668,4.0,0.0,0,0.14
A-c37cab,Company_278,Cybersecurity,UK,2024-07-29,event,Pro,13,False,False,2452.75,29433.0,26.33333333333333,0.0833333333333333,0.0833333333333333,True,monthly,0.9166666666666666,708.0,203309.0,40.0,0.1975198412698412,4.0,33.0,3.75,0.25,1,0.5966666666666667
A-533452,Company_279,DevTools,AU,2024-11-12,organic,Pro,9,False,False,1878.5454545454545,22542.545454545456,29.09090909090909,0.0909090909090909,0.1818181818181818,True,monthly,0.9090909090909092,595.0,172726.0,44.0,0.1742424242424242,4.0,32.75,4.0,0.0,1,0.5066666666666667
A-443b7c,Company_280,Cybersecurity,US,2024-09-06,other,Enterprise,1,False,True,1503.875,18046.5,24.625,0.25,0.0,True,monthly,0.8125,618.0,195039.0,29.0,0.1183035714285714,8.0,29.25,4.4,0.0,0,0.18333333333333332
A-1f7acb,Company_281,FinTech,UK,2023-08-06,ads,Basic,64,True,False,5864.0,70368.0,64.0,0.125,0.375,False,annual,0.75,510.0,164068.0,47.0,0.1283653846153846,7.0,41.71428571428572,4.4,0.0,0,0.25
A-f51f16,Company_282,HealthTech,US,2023-12-25,partner,Enterprise,1,False,False,1663.75,19965.0,17.75,0.25,0.0,True,annual,0.875,384.0,146093.0,28.0,0.1041666666666666,4.0,29.25,3.0,0.0,1,0.5
A-5a3eb9,Company_283,DevTools,CA,2023-08-20,other,Enterprise,18,True,False,1561.0,18732.0,30.53846153846154,0.0,0.1538461538461538,True,annual,0.8461538461538461,722.0,216880.0,34.0,0.1142857142857143,3.0,24.0,0.0,0.0,1,0.5666666666666667
A-5f2961,Company_284,HealthTech,US,2024-11-22,partner,Basic,4,False,False,1471.2857142857142,17655.428571428572,24.428571428571427,0.0,0.0,False,annual,0.8571428571428571,348.0,103023.0,19.0,0.0317460317460317,1.0,53.0,0.0,0.0,1,0.78
A-417d2f,Company_285,Cybersecurity,IN,2023-07-04,partner,Pro,4,True,False,1433.3125,17199.75,20.5625,0.0625,0.0,True,annual,0.8125,722.0,206401.0,31.0,0.1221230158730158,6.0,43.5,4.333333333333333,0.0,1,0.82
A-e98302,Company_286,EdTech,US,2023-12-26,ads,Enterprise,16,True,False,2094.5,25134.0,30.5,0.0,0.0,True,annual,0.8333333333333334,273.0,88751.0,18.0,0.2142857142857142,9.0,44.44444444444444,4.142857142857143,0.0,0,0.16666666666666666
A-8bde0c,Company_287,DevTools,US,2024-11-04,organic,Basic,12,False,False,1899.888888888889,22798.666666666668,26.444444444444443,0.1111111111111111,0.0,True,monthly,0.8333333333333334,773.0,240908.0,43.0,0.062037037037037,3.0,25.666666666666668,4.0,0.0,1,0.83
A-bcf87c,Company_288,FinTech,US,2024-06-27,event,Pro,10,False,True,1979.090909090909,23749.090909090908,20.09090909090909,0.0,0.0909090909090909,True,monthly,0.7272727272727273,503.0,147590.0,19.0,0.1141414141414141,2.0,63.0,4.0,0.0,0,0.13
A-54ecc2,Company_289,Cybersecurity,US,2023-06-11,partner,Enterprise,4,False,False,1469.8181818181818,17637.81818181818,13.272727272727272,0.0,0.0909090909090909,False,monthly,0.9090909090909092,607.0,183498.0,39.0,0.1113636363636363,5.0,37.4,5.0,0.0,1,0.4666666666666667
A-625d0b,Company_290,EdTech,AU,2024-09-02,ads,Basic,9,False,False,1081.1818181818182,12974.181818181818,17.363636363636363,0.0,0.0,True,monthly,0.9090909090909092,529.0,141489.0,38.0,0.0921356421356421,5.0,48.4,3.0,0.0,0,0.12666666666666668
A-fce879,Company_291,EdTech,UK,2024-09-24,partner,Pro,10,True,True,1359.4,16312.8,25.6,0.0,0.2,False,annual,1.0,299.0,98740.0,14.0,0.0333333333333333,2.0,28.0,4.0,0.0,1,0.6033333333333334
A-b07b56,Company_292,DevTools,US,2024-11-08,event,Pro,25,False,True,1132.2666666666669,13587.2,26.33333333333333,0.0,0.0,True,monthly,0.8,633.0,185462.0,39.0,0.1473015873015873,4.0,31.25,3.0,0.0,1,0.52
A-6da850,Company_293,FinTech,IN,2023-10-07,organic,Pro,5,False,False,1159.9375,13919.25,16.375,0.1875,0.0625,True,monthly,0.75,714.0,186370.0,54.0,0.127918956043956,5.0,49.0,4.0,0.0,1,0.8666666666666667
A-342303,Company_294,EdTech,US,2024-03-16,other,Pro,1,True,False,565.0,6780.0,18.33333333333333,0.0,0.0,False,annual,1.0,141.0,23149.0,5.0,0.0555555555555555,3.0,29.33333333333333,4.5,0.0,1,0.8266666666666667
A-e7a1e2,Company_295,Cybersecurity,US,2024-06-23,event,Enterprise,3,False,False,1670.1666666666667,20042.0,13.916666666666666,0.0,0.0,True,annual,0.8333333333333334,703.0,220928.0,36.0,0.0411255411255411,1.0,45.0,4.0,0.0,1,0.61
A-f1f639,Company_296,EdTech,US,2023-02-26,ads,Basic,2,False,False,729.75,8757.0,5.25,0.25,0.0,False,monthly,1.0,139.0,43097.0,10.0,0.3208333333333333,7.0,20.0,4.8,0.0,1,0.43
A-a865bd,Company_297,Cybersecurity,US,2023-09-19,organic,Pro,38,False,False,4204.4,50452.8,47.6,0.0,0.0,False,monthly,0.6,230.0,60120.0,13.0,0.0916666666666666,2.0,31.5,3.0,0.0,1,0.57
A-4e631b,Company_298,FinTech,US,2024-03-16,other,Enterprise,22,False,False,2218.0,26616.0,24.0,0.0909090909090909,0.0909090909090909,False,monthly,0.7272727272727273,502.0,154668.0,29.0,0.0887445887445887,2.0,24.5,4.0,0.0,0,0.16
A-7f6b86,Company_299,HealthTech,US,2023-08-24,partner,Basic,45,True,True,2155.777777777778,25869.33333333333,48.11111111111112,0.3333333333333333,0.0,True,annual,0.7777777777777778,420.0,144249.0,14.0,0.1203703703703703,7.0,40.42857142857143,3.6666666666666665,0.0,1,0.44666666666666666
A-8adedc,Company_300,EdTech,US,2024-02-11,event,Basic,4,True,True,2023.4285714285716,24281.14285714286,26.714285714285715,0.0,0.0,True,annual,0.9285714285714286,583.0,165997.0,33.0,0.0822344322344322,4.0,49.25,4.0,0.0,0,0.22666666666666666
A-2edab2,Company_301,HealthTech,US,2023-11-17,event,Enterprise,17,False,False,1139.0,13668.0,17.0,0.1,0.0,True,annual,0.9,487.0,160804.0,26.0,0.1183333333333333,4.0,30.0,3.0,0.0,1,0.36666666666666664
A-149a69,Company_302,DevTools,US,2024-10-17,event,Basic,34,False,False,2686.0,32232.0,34.0,0.0,0.0,False,monthly,0.3333333333333333,208.0,59894.0,9.0,0.0476190476190476,8.0,33.875,4.2,0.0,1,0.8033333333333333
A-a6d261,Company_303,FinTech,CA,2023-11-29,other,Pro,9,False,False,2727.928571428572,32735.14285714286,23.428571428571427,0.2142857142857142,0.0,True,monthly,0.9285714285714286,627.0,189235.0,29.0,0.0952380952380952,4.0,40.0,4.666666666666667,0.25,1,0.8133333333333334
A-443f6f,Company_304,Cybersecurity,US,2024-12-07,organic,Basic,19,False,False,1510.4444444444443,18125.33333333333,21.77777777777778,0.1111111111111111,0.0,True,annual,0.7777777777777778,527.0,158149.0,28.0,0.0694444444444444,4.0,28.0,4.666666666666667,0.0,0,0.18333333333333332
A-202b67,Company_305,HealthTech,US,2024-03-22,organic,Pro,11,False,False,2018.6666666666667,24224.0,21.33333333333333,0.1111111111111111,0.0,True,monthly,0.8888888888888888,447.0,110514.0,40.0,0.1169642857142857,4.0,36.75,4.666666666666667,0.0,1,0.8466666666666667
A-00bed1,Company_306,Cybersecurity,US,2023-11-14,ads,Basic,28,True,False,3350.6,40207.2,34.2,0.3,0.0,False,annual,0.9,514.0,143734.0,27.0,0.0325,4.0,31.75,4.0,0.0,1,0.57
A-ffc04f,Company_307,EdTech,US,2024-06-06,ads,Pro,13,False,False,1335.9333333333334,16031.2,19.33333333333333,0.0,0.0666666666666666,True,monthly,0.5333333333333333,857.0,277347.0,64.0,0.0727777777777777,7.0,17.714285714285715,4.5,0.1428571428571428,1,0.62
A-65c341,Company_308,FinTech,US,2023-12-26,ads,Pro,11,True,False,3818.25,45819.0,26.875,0.0,0.0,True,annual,1.0,410.0,147068.0,18.0,0.0763392857142857,5.0,41.4,4.0,0.0,1,0.5766666666666667
A-dcc2f0,Company_309,FinTech,UK,2023-07-22,organic,Basic,15,False,False,1166.2,13994.4,18.066666666666663,0.1333333333333333,0.0,True,annual,0.8666666666666667,833.0,243699.0,26.0,0.1414814814814814,2.0,27.0,0.0,0.0,1,0.42
A-ced9aa,Company_310,DevTools,US,2024-10-05,other,Enterprise,3,False,False,568.3636363636364,6820.363636363636,7.090909090909091,0.0,0.0,True,annual,1.0,531.0,166970.0,39.0,0.0772727272727272,7.0,28.857142857142858,3.0,0.0,0,0.17666666666666667
A-3d957b,Company_311,HealthTech,UK,2024-04-04,other,Pro,14,False,False,1975.3333333333333,23704.0,26.33333333333333,0.5,0.0,True,monthly,0.6666666666666666,143.0,43699.0,13.0,0.3666666666666666,3.0,41.333333333333336,3.0,0.0,1,0.4033333333333333
A-89ee83,Company_312,Cybersecurity,US,2024-10-04,organic,Pro,1,False,True,2264.2727272727275,27171.272727272728,23.0,0.2727272727272727,0.0,True,monthly,1.0,565.0,172626.0,26.0,0.0997113997113997,5.0,21.8,4.0,0.2,0,0.24
A-883b7d,Company_313,Cybersecurity,IN,2024-03-28,other,Basic,17,False,False,2543.6666666666665,30524.0,35.666666666666664,0.0,0.0,True,annual,0.75,644.0,189514.0,40.0,0.0943783068783068,7.0,25.571428571428573,3.6,0.1428571428571428,0,0.22333333333333333
A-dcc3f1,Company_314,HealthTech,US,2023-12-27,event,Pro,21,False,False,1593.375,19120.5,25.5,0.0,0.125,False,annual,0.75,500.0,137958.0,32.0,0.13125,9.0,35.666666666666664,3.8,0.0,1,0.38333333333333336
A-c62e55,Company_315,EdTech,US,2023-02-08,partner,Basic,1,True,False,1322.4444444444443,15869.333333333334,23.11111111111111,0.1111111111111111,0.0,False,annual,0.7777777777777778,337.0,87045.0,13.0,0.1509259259259259,4.0,27.5,4.0,0.0,0,0.18
A-e4144b,Company_316,EdTech,UK,2024-10-22,other,Pro,41,False,False,3542.4,42508.8,44.8,0.1,0.0,False,annual,0.8,439.0,133397.0,21.0,0.1066666666666666,3.0,57.0,4.0,0.0,0,0.23333333333333334
A-e40f45,Company_317,HealthTech,US,2024-04-18,organic,Pro,21,False,False,1689.2857142857142,20271.42857142857,25.142857142857142,0.4285714285714285,0.0,True,monthly,0.8571428571428571,401.0,122954.0,26.0,0.0965986394557823,7.0,26.714285714285715,4.333333333333333,0.0,1,0.5366666666666666
A-96215d,Company_318,FinTech,US,2024-08-08,event,Enterprise,10,False,False,1718.6666666666667,20624.0,14.666666666666666,0.1666666666666666,0.0,False,annual,0.5,347.0,104442.0,21.0,0.1309523809523809,1.0,25.0,3.0,0.0,0,0.11333333333333333
A-2b9d3e,Company_319,EdTech,US,2023-06-04,partner,Enterprise,1,False,False,571.3333333333334,6856.0,13.22222222222222,0.1111111111111111,0.0,False,annual,0.8888888888888888,444.0,142589.0,19.0,0.0879629629629629,3.0,34.666666666666664,5.0,0.0,0,0.19666666666666666
A-b7724f,Company_320,HealthTech,UK,2023-03-28,organic,Basic,1,False,False,402.75,4833.0,21.0,0.0,0.0,True,monthly,0.875,380.0,93251.0,16.0,0.0364583333333333,3.0,28.666666666666668,3.0,0.0,1,0.8033333333333333
A-310452,Company_321,DevTools,FR,2024-12-25,other,Enterprise,9,False,False,2200.6,26407.2,17.2,0.0,0.0,False,annual,0.8,268.0,65581.0,16.0,0.1399999999999999,5.0,34.2,3.6,0.0,1,0.4166666666666667
A-eb1312,Company_322,FinTech,US,2024-09-16,partner,Pro,25,False,False,1512.25,18147.0,30.25,0.0833333333333333,0.0,True,monthly,0.8333333333333334,663.0,188047.0,38.0,0.0805555555555555,1.0,68.0,5.0,0.0,1,0.5566666666666666
A-df1e44,Company_323,Cybersecurity,UK,2024-02-23,organic,Enterprise,12,False,False,1191.5454545454545,14298.545454545454,23.363636363636363,0.0909090909090909,0.0909090909090909,True,annual,0.7272727272727273,420.0,122432.0,14.0,0.1333333333333333,2.0,53.0,5.0,0.0,1,0.8233333333333334
A-6a7c9d,Company_324,Cybersecurity,US,2024-10-24,organic,Enterprise,26,False,True,2605.6,31267.2,30.4,0.0,0.0,True,monthly,1.0,189.0,65006.0,6.0,0.05,3.0,34.333333333333336,4.0,0.0,1,0.8566666666666667
A-cbd1a3,Company_325,DevTools,US,2024-11-25,other,Basic,6,False,True,1635.1,19621.2,17.7,0.2,0.0,False,annual,0.8,465.0,128809.0,32.0,0.06,4.0,34.5,4.0,0.0,0,0.19333333333333333
A-a8d89d,Company_326,EdTech,US,2023-12-08,ads,Pro,13,False,False,2443.333333333333,29320.0,22.25,0.1666666666666666,0.0,False,monthly,0.9166666666666666,551.0,170966.0,26.0,0.0826388888888888,2.0,44.5,5.0,0.0,1,0.83
A-600734,Company_327,DevTools,US,2023-11-14,organic,Pro,29,True,True,1394.7692307692307,16737.23076923077,31.307692307692307,0.1538461538461538,0.0,True,monthly,0.7692307692307693,660.0,190076.0,30.0,0.1667582417582417,7.0,52.57142857142857,3.6666666666666665,0.1428571428571428,0,0.21666666666666667
A-86fc1d,Company_328,DevTools,UK,2024-07-26,partner,Basic,26,False,False,1686.7777777777778,20241.33333333333,30.77777777777778,0.3333333333333333,0.0,True,monthly,0.8888888888888888,363.0,111108.0,26.0,0.0925925925925925,5.0,27.0,4.0,0.0,1,0.43
A-78f02b,Company_329,HealthTech,US,2024-11-17,event,Enterprise,11,False,False,3770.25,45243.0,54.75,0.25,0.0,False,annual,0.75,211.0,62349.0,16.0,0.15,4.0,45.75,4.0,0.0,1,0.58
A-acb7f7,Company_330,EdTech,US,2024-01-06,ads,Basic,32,False,False,2714.5,32574.0,33.333333333333336,0.1666666666666666,0.0833333333333333,False,monthly,0.8333333333333334,612.0,176628.0,36.0,0.2036706349206349,3.0,41.0,3.5,0.0,1,0.5733333333333334
A-712f1c,Company_331,DevTools,US,2023-12-16,ads,Basic,17,False,True,3583.25,42999.0,31.58333333333333,0.1666666666666666,0.0,True,annual,0.8333333333333334,631.0,181302.0,34.0,0.0727513227513227,6.0,41.66666666666666,4.0,0.0,1,0.8066666666666666
A-3793ee,Company_332,Cybersecurity,CA,2023-03-21,organic,Enterprise,49,True,False,3815.0,45780.0,49.0,0.1428571428571428,0.1428571428571428,True,monthly,0.8571428571428571,352.0,97381.0,11.0,0.0238095238095238,4.0,43.75,4.0,0.0,1,0.85
A-9a532a,Company_333,HealthTech,US,2024-07-06,partner,Enterprise,11,False,False,2736.25,32835.0,29.25,0.0,0.0,False,monthly,1.0,185.0,75595.0,15.0,0.275,2.0,57.5,0.0,0.0,0,0.17333333333333334
A-2ebb4b,Company_334,HealthTech,US,2023-05-15,ads,Basic,41,False,False,3068.8,36825.6,43.4,0.1,0.0,True,monthly,1.0,488.0,143502.0,33.0,0.1441666666666666,2.0,43.5,3.0,0.0,1,0.43
A-6843f2,Company_335,HealthTech,CA,2024-12-10,ads,Enterprise,21,False,False,1835.555555555556,22026.666666666668,21.22222222222222,0.0,0.1111111111111111,False,monthly,1.0,481.0,126424.0,17.0,0.0632716049382716,2.0,36.5,3.0,0.0,0,0.12666666666666668
A-c9bb3e,Company_336,EdTech,US,2024-03-24,ads,Pro,5,False,False,1521.7,18260.4,28.1,0.1,0.0,True,annual,0.9,474.0,171153.0,20.0,0.0392857142857142,7.0,27.714285714285715,4.2,0.1428571428571428,1,0.8
A-4814a3,Company_337,Cybersecurity,IN,2024-09-17,event,Basic,87,False,True,7996.090909090909,95953.09090909093,87.0,0.1818181818181818,0.0909090909090909,True,monthly,0.7272727272727273,587.0,168767.0,45.0,0.1088383838383838,4.0,18.75,4.0,0.25,1,0.8433333333333334
A-b7b7b7,Company_338,FinTech,US,2024-06-30,event,Basic,24,False,True,2379.833333333333,28558.0,31.25,0.0833333333333333,0.0,False,annual,0.9166666666666666,571.0,166390.0,26.0,0.1013888888888889,3.0,17.0,5.0,0.0,0,0.17
A-ccc747,Company_339,HealthTech,FR,2024-01-12,event,Pro,16,False,True,802.0,9624.0,20.666666666666668,0.3333333333333333,0.0,True,annual,0.3333333333333333,284.0,89582.0,13.0,0.0863095238095238,4.0,32.25,5.0,0.25,1,0.8266666666666667
A-bb3bd4,Company_340,HealthTech,US,2024-01-27,ads,Basic,23,False,False,1064.571428571429,12774.857142857143,23.0,0.2857142857142857,0.0,False,annual,1.0,315.0,93609.0,11.0,0.0277777777777777,11.0,32.72727272727273,4.142857142857143,0.0,1,0.79
A-09316c,Company_341,FinTech,AU,2024-09-11,organic,Enterprise,70,False,False,6363.636363636364,76363.63636363637,70.0,0.1818181818181818,0.0,False,annual,0.9090909090909092,566.0,149461.0,31.0,0.0631313131313131,4.0,54.75,3.75,0.25,1,0.6466666666666666
A-96bbc6,Company_342,Cybersecurity,US,2024-05-07,organic,Enterprise,39,False,False,3803.25,45639.0,44.25,0.375,0.125,False,annual,0.875,482.0,152806.0,25.0,0.1180059523809523,3.0,51.333333333333336,3.333333333333333,0.0,1,0.6133333333333333
A-bc4d48,Company_343,EdTech,US,2024-06-12,ads,Pro,35,True,False,1770.0,21240.0,35.0,0.1428571428571428,0.0,False,annual,0.5714285714285714,321.0,89391.0,9.0,0.0357142857142857,6.0,41.16666666666666,4.2,0.1666666666666666,0,0.16
A-b30291,Company_344,HealthTech,US,2024-04-05,event,Basic,5,True,True,537.5,6450.0,16.0,0.0,0.0,True,monthly,1.0,519.0,161097.0,31.0,0.1649999999999999,1.0,16.0,0.0,0.0,1,0.36
A-cdf020,Company_345,DevTools,AU,2023-08-16,organic,Pro,23,False,False,2259.0,27108.0,31.375,0.25,0.0,True,annual,0.75,379.0,119522.0,18.0,0.1239583333333333,4.0,29.5,4.0,0.0,1,0.49333333333333335
A-e6afc1,Company_346,DevTools,US,2023-02-24,ads,Pro,1,False,False,2052.909090909091,24634.90909090909,30.454545454545453,0.0,0.0,False,monthly,0.8181818181818182,679.0,196287.0,30.0,0.1049062049062048,0.0,0.0,0.0,0.0,0,0.17666666666666667
A-e3bd71,Company_347,Cybersecurity,US,2023-03-25,partner,Basic,31,False,False,3784.5454545454554,45414.545454545456,40.81818181818182,0.0909090909090909,0.0909090909090909,True,monthly,0.7272727272727273,638.0,187024.0,27.0,0.0454545454545454,4.0,30.25,4.0,0.0,1,0.8333333333333334
A-b179bf,Company_348,Cybersecurity,IN,2024-10-27,ads,Basic,43,False,False,3586.2,43034.4,43.0,0.0,0.0,False,annual,1.0,398.0,110855.0,18.0,0.12,6.0,24.666666666666668,4.0,0.0,1,0.81
A-098560,Company_349,DevTools,UK,2023-10-21,ads,Enterprise,1,False,True,1120.5454545454545,13446.545454545454,19.727272727272727,0.0909090909090909,0.0,True,monthly,0.7272727272727273,567.0,174302.0,32.0,0.125,2.0,28.0,3.0,0.5,1,0.45666666666666667
A-82861f,Company_350,DevTools,UK,2024-04-25,organic,Basic,41,False,False,4363.3,52359.6,42.7,0.0,0.0,True,annual,0.8,462.0,130873.0,43.0,0.0659523809523809,5.0,24.4,3.2,0.0,1,0.8033333333333333
A-94c3cd,Company_351,FinTech,CA,2023-09-20,other,Enterprise,32,False,False,1506.0,18072.0,35.0,0.0,0.0,False,annual,0.6666666666666666,306.0,104197.0,18.0,0.1309523809523809,4.0,44.75,3.5,0.25,0,0.10333333333333333
A-a33200,Company_352,HealthTech,US,2024-09-15,partner,Basic,29,False,False,2409.4166666666665,28913.0,31.416666666666668,0.0833333333333333,0.0,True,annual,0.75,517.0,150997.0,26.0,0.08125,3.0,36.333333333333336,4.5,0.0,1,0.58
A-034368,Company_353,EdTech,US,2023-11-05,event,Enterprise,19,False,False,2238.8,26865.6,25.0,0.0,0.0,False,monthly,0.8,265.0,80423.0,25.0,0.125,5.0,41.2,4.0,0.0,1,0.44333333333333336
A-b54c01,Company_354,DevTools,US,2024-09-29,event,Enterprise,29,False,False,848.25,10179.0,29.0,0.0,0.0,False,annual,0.75,226.0,64973.0,17.0,0.1416666666666666,5.0,42.6,3.0,0.0,1,0.7466666666666667
A-d82ef9,Company_355,EdTech,UK,2024-07-02,other,Basic,26,False,True,1023.3571428571428,12280.285714285714,30.214285714285715,0.0714285714285714,0.1428571428571428,True,annual,0.6428571428571429,679.0,194022.0,46.0,0.0748015873015873,5.0,39.8,4.25,0.2,1,0.4766666666666667
A-bb2f49,Company_356,Cybersecurity,US,2023-05-28,other,Pro,8,False,False,2180.909090909091,26170.90909090909,29.818181818181817,0.1818181818181818,0.0909090909090909,True,monthly,0.9090909090909092,618.0,190070.0,42.0,0.0259740259740259,3.0,22.33333333333333,4.0,0.0,0,0.21
A-1f559b,Company_357,HealthTech,US,2023-09-04,organic,Enterprise,5,True,True,1175.6,14107.2,22.4,0.0,0.1,True,monthly,0.6,400.0,117267.0,27.0,0.0866666666666666,5.0,50.4,4.2,0.0,1,0.3433333333333333
A-5a215a,Company_358,EdTech,FR,2024-01-05,other,Enterprise,87,False,False,7230.666666666667,86768.0,87.0,0.1111111111111111,0.0,True,annual,0.8333333333333334,807.0,271652.0,71.0,0.107422969187675,4.0,29.5,4.0,0.0,0,0.24
A-3f9cc0,Company_359,HealthTech,US,2024-06-03,event,Basic,22,False,False,2848.5714285714284,34182.857142857145,23.142857142857142,0.1428571428571428,0.2857142857142857,False,monthly,0.7142857142857143,407.0,124321.0,24.0,0.0,5.0,34.8,4.5,0.2,1,0.83
A-f9cc74,Company_360,DevTools,FR,2024-10-12,partner,Enterprise,30,True,False,1555.7,18668.4,32.3,0.1,0.0,True,monthly,0.8,484.0,130826.0,22.0,0.1592857142857142,6.0,49.833333333333336,4.0,0.0,0,0.19
A-ed510f,Company_361,Cybersecurity,IN,2023-01-17,partner,Basic,42,False,False,3616.2,43394.4,42.0,0.2,0.0,True,annual,0.7,493.0,160744.0,28.0,0.0842857142857142,9.0,44.55555555555556,4.0,0.0,1,0.8166666666666667
A-5c9849,Company_362,EdTech,IN,2024-11-03,partner,Basic,19,False,False,4083.8888888888887,49006.66666666666,36.888888888888886,0.2222222222222222,0.0,True,monthly,0.7777777777777778,473.0,151483.0,23.0,0.0303571428571428,4.0,59.5,0.0,0.25,1,0.9066666666666666
A-a7bd4b,Company_363,Cybersecurity,US,2023-02-15,ads,Enterprise,5,False,False,569.8181818181819,6837.818181818182,17.454545454545453,0.1818181818181818,0.0,True,annual,0.8181818181818182,576.0,166772.0,37.0,0.0806277056277056,6.0,36.833333333333336,3.25,0.0,1,0.52
A-d4ac0e,Company_364,DevTools,UK,2024-04-20,ads,Basic,18,False,False,1450.3684210526317,17404.42105263158,29.473684210526315,0.1578947368421052,0.0,True,annual,0.8947368421052632,793.0,245619.0,53.0,0.1068295739348371,4.0,21.0,3.5,0.0,0,0.22333333333333333
A-ffdfd5,Company_365,EdTech,US,2024-04-13,organic,Basic,3,False,True,1432.2,17186.4,21.6,0.1,0.0,True,annual,0.8,529.0,139609.0,28.0,0.0976190476190476,0.0,0.0,0.0,0.0,1,0.41333333333333333
A-0dbdc6,Company_366,Cybersecurity,DE,2023-02-12,other,Pro,30,False,True,3141.4444444444443,37697.333333333336,34.111111111111114,0.0,0.0,False,monthly,0.8888888888888888,512.0,155107.0,31.0,0.1025252525252525,4.0,47.0,5.0,0.0,1,0.45
A-7cfe77,Company_367,DevTools,US,2024-07-10,ads,Pro,69,False,False,2553.0,30636.0,69.0,0.2,0.2,False,annual,1.0,205.0,57582.0,11.0,0.0285714285714285,7.0,30.714285714285715,3.5,0.0,1,0.8433333333333334
A-1f0636,Company_368,EdTech,AU,2024-01-01,partner,Pro,105,False,False,8610.0,103320.0,105.0,0.2727272727272727,0.0,True,annual,0.8181818181818182,685.0,212120.0,30.0,0.0785714285714285,2.0,38.5,3.5,0.0,0,0.18
A-40de06,Company_369,Cybersecurity,US,2023-05-08,event,Enterprise,28,False,True,1803.875,21646.5,32.5625,0.125,0.0625,True,annual,0.8125,902.0,267400.0,43.0,0.1311507936507936,3.0,40.333333333333336,4.0,0.0,0,0.18333333333333332
A-cb5333,Company_370,DevTools,US,2024-03-26,ads,Pro,33,False,False,1641.0,19692.0,35.0625,0.0,0.0625,True,monthly,0.75,796.0,263767.0,34.0,0.1000744047619047,4.0,30.75,3.0,0.0,1,0.8
A-309e54,Company_371,DevTools,US,2024-12-09,other,Pro,15,False,False,2595.3636363636365,31144.36363636364,31.545454545454547,0.0,0.0909090909090909,True,monthly,1.0,509.0,168199.0,24.0,0.0357142857142857,5.0,23.8,3.0,0.0,1,0.8533333333333334
A-6e7827,Company_372,DevTools,US,2023-03-26,other,Basic,1,False,False,927.1111111111112,11125.333333333334,15.11111111111111,0.3333333333333333,0.0,True,monthly,0.7777777777777778,419.0,123307.0,31.0,0.0731481481481481,2.0,51.0,3.5,0.0,1,0.43666666666666665
A-50bb9f,Company_373,Cybersecurity,US,2024-07-12,organic,Pro,2,False,False,2157.875,25894.5,23.375,0.25,0.0,True,monthly,0.875,276.0,99328.0,15.0,0.1761904761904762,7.0,33.285714285714285,4.0,0.0,1,0.75
A-5fe118,Company_374,Cybersecurity,US,2024-11-07,other,Enterprise,39,False,False,4458.0,53496.0,55.8,0.0,0.0,False,monthly,0.8,233.0,59902.0,12.0,0.2,1.0,19.0,4.0,0.0,1,0.5766666666666667
A-5247b3,Company_375,FinTech,UK,2024-03-12,partner,Pro,16,True,False,1071.909090909091,12862.90909090909,23.727272727272727,0.2727272727272727,0.0,True,monthly,0.9090909090909092,610.0,177212.0,29.0,0.1308025308025308,5.0,45.8,4.0,0.0,1,0.4866666666666667
A-f44180,Company_376,Cybersecurity,UK,2023-02-13,event,Pro,9,False,False,2617.090909090909,31405.090909090908,20.363636363636363,0.0,0.0,True,annual,0.7272727272727273,520.0,164121.0,22.0,0.1761904761904762,2.0,46.5,5.0,0.0,1,0.7633333333333333
A-c16cf7,Company_377,EdTech,US,2024-10-16,event,Pro,13,True,False,1227.4,14728.8,24.4,0.0,0.0,True,annual,0.8,577.0,144846.0,26.0,0.1441666666666666,3.0,48.333333333333336,3.5,0.0,1,0.4
A-d42431,Company_378,FinTech,FR,2024-06-09,ads,Enterprise,22,True,False,2351.1111111111118,28213.33333333333,31.11111111111111,0.1111111111111111,0.1111111111111111,True,monthly,0.7777777777777778,457.0,133864.0,34.0,0.1148148148148148,4.0,24.25,4.0,0.0,1,0.45666666666666667
A-6965e1,Company_379,DevTools,US,2024-11-25,organic,Basic,13,False,False,2313.75,27765.0,17.583333333333332,0.0833333333333333,0.0833333333333333,False,monthly,0.6666666666666666,627.0,188154.0,29.0,0.0708333333333333,3.0,39.0,3.0,0.0,1,0.44333333333333336
A-0354fe,Company_380,Cybersecurity,US,2024-10-22,other,Basic,34,False,False,2210.0,26520.0,34.0,0.1428571428571428,0.0,True,monthly,0.7142857142857143,463.0,152435.0,30.0,0.0678571428571428,4.0,20.0,4.0,0.0,1,0.8033333333333333
A-0a62f5,Company_381,FinTech,UK,2024-09-11,partner,Pro,16,False,False,1215.25,14583.0,19.75,0.0,0.0,False,annual,1.0,244.0,74890.0,7.0,0.0902777777777777,2.0,33.5,0.0,0.0,1,0.38666666666666666
A-f5641b,Company_382,EdTech,US,2024-03-30,other,Pro,31,False,False,3912.0,46944.0,33.1,0.1,0.1,True,monthly,0.6,438.0,141649.0,18.0,0.125,4.0,47.5,3.0,0.25,1,0.57
A-b44e3e,Company_383,Cybersecurity,UK,2024-02-12,ads,Basic,40,False,False,6217.285714285715,74607.42857142857,45.57142857142857,0.4285714285714285,0.0,True,annual,0.8571428571428571,387.0,114913.0,13.0,0.1088435374149659,3.0,40.0,4.333333333333333,0.0,1,0.84
A-3b37d9,Company_384,FinTech,US,2023-01-27,event,Enterprise,23,False,False,2776.428571428572,33317.142857142855,23.714285714285715,0.2857142857142857,0.0,True,annual,0.8571428571428571,451.0,128119.0,21.0,0.0260770975056689,5.0,36.0,4.5,0.0,1,0.6566666666666666
A-54d94a,Company_385,Cybersecurity,IN,2023-05-01,event,Basic,27,False,False,1141.5454545454545,13698.545454545454,34.09090909090909,0.0909090909090909,0.0909090909090909,True,monthly,0.9090909090909092,582.0,174162.0,28.0,0.1393939393939393,4.0,53.75,3.5,0.0,0,0.1
A-7f29a7,Company_386,Cybersecurity,UK,2024-09-18,event,Basic,41,True,False,1714.5454545454545,20574.545454545456,41.0,0.0,0.0,True,monthly,0.6363636363636364,619.0,177209.0,38.0,0.1652236652236652,1.0,24.0,4.0,0.0,1,0.38
A-089363,Company_387,FinTech,AU,2023-05-06,event,Basic,2,False,False,1507.428571428571,18089.14285714286,18.142857142857142,0.1428571428571428,0.0,True,annual,0.5714285714285714,628.0,196491.0,33.0,0.1229591836734693,3.0,35.0,3.6666666666666665,0.0,1,0.31666666666666665
A-524364,Company_388,DevTools,FR,2024-12-31,partner,Enterprise,3,False,False,1592.0,19104.0,31.5,0.0,0.0,False,monthly,1.0,237.0,72569.0,24.0,0.125,3.0,47.66666666666666,4.333333333333333,0.0,0,0.16
A-855a48,Company_389,EdTech,US,2023-12-22,partner,Pro,14,True,False,3797.0,45564.0,26.75,0.0,0.125,False,annual,0.375,448.0,145908.0,16.0,0.1619047619047618,5.0,39.6,3.6666666666666665,0.0,1,0.81
A-756192,Company_390,FinTech,IN,2023-06-11,other,Basic,19,False,False,2140.0,25680.0,28.8,0.1,0.0,False,monthly,0.8,617.0,183585.0,43.0,0.05,3.0,37.333333333333336,4.0,0.0,0,0.15666666666666668
A-49b828,Company_391,FinTech,IN,2023-05-05,ads,Pro,6,False,False,2222.0,26664.0,19.142857142857142,0.1428571428571428,0.0,False,annual,0.9285714285714286,687.0,187183.0,45.0,0.1673469387755102,3.0,13.666666666666666,3.5,0.3333333333333333,0,0.18666666666666668
A-c7ffc2,Company_392,Cybersecurity,US,2023-01-27,partner,Pro,30,True,False,3009.333333333333,36112.0,42.333333333333336,0.25,0.0,False,monthly,0.75,640.0,200957.0,28.0,0.0723214285714285,2.0,64.0,3.0,0.0,1,0.5566666666666666
A-751c58,Company_393,FinTech,UK,2024-07-18,organic,Basic,15,False,False,1781.5454545454545,21378.545454545456,28.545454545454547,0.3636363636363636,0.0,False,annual,0.8181818181818182,574.0,179405.0,12.0,0.0568181818181818,5.0,39.6,4.333333333333333,0.0,1,0.43666666666666665
A-72799b,Company_394,DevTools,FR,2023-11-13,event,Enterprise,20,False,True,1731.5,20778.0,26.5,0.2,0.1,True,monthly,0.8,550.0,154998.0,34.0,0.1597222222222222,2.0,33.5,4.5,0.5,1,0.8366666666666667
A-812c5b,Company_395,DevTools,CA,2024-02-25,organic,Basic,55,False,True,2298.769230769231,27585.23076923077,62.0,0.0,0.0,False,monthly,0.9230769230769232,866.0,269595.0,46.0,0.1445599272522349,4.0,27.0,4.0,0.0,1,0.48333333333333334
A-69b156,Company_396,EdTech,US,2023-11-21,other,Pro,7,False,True,1588.111111111111,19057.33333333333,11.555555555555555,0.0,0.2222222222222222,True,monthly,0.7777777777777778,360.0,102483.0,20.0,0.0282186948853615,7.0,32.0,4.0,0.0,0,0.19
A-075038,Company_397,HealthTech,UK,2023-05-12,ads,Basic,17,False,False,1350.642857142857,16207.714285714286,31.428571428571427,0.0714285714285714,0.0,False,annual,0.7857142857142857,743.0,198728.0,31.0,0.1619047619047619,2.0,43.5,3.0,0.0,1,0.7466666666666667
A-940b8b,Company_398,HealthTech,DE,2024-03-19,organic,Basic,1,False,False,1205.0,14460.0,24.0,0.125,0.125,False,annual,0.75,362.0,121184.0,32.0,0.0833333333333333,3.0,41.333333333333336,4.0,0.0,0,0.2
A-2d1036,Company_399,FinTech,US,2024-06-14,ads,Pro,69,False,True,4973.307692307692,59679.69230769231,69.0,0.0,0.0769230769230769,True,annual,0.7692307692307693,692.0,181335.0,40.0,0.1826923076923076,5.0,37.8,4.6,0.2,1,0.87
A-0f6450,Company_400,FinTech,US,2024-12-27,other,Pro,28,True,True,2163.6363636363635,25963.636363636364,28.0,0.0,0.0,False,monthly,0.7272727272727273,539.0,174670.0,39.0,0.1041269841269841,8.0,29.75,3.8333333333333335,0.125,1,0.36666666666666664
A-9affe6,Company_401,Cybersecurity,US,2023-03-22,other,Pro,7,False,False,966.9090909090908,11602.90909090909,19.454545454545453,0.1818181818181818,0.0,True,monthly,0.9090909090909092,473.0,144853.0,16.0,0.053030303030303,3.0,58.0,3.0,0.0,1,0.49
A-80eeb6,Company_402,Cybersecurity,UK,2023-05-09,organic,Enterprise,22,False,False,4280.5625,51366.75,35.4375,0.25,0.0625,True,annual,0.9375,725.0,221904.0,43.0,0.0929365079365079,4.0,40.25,3.6666666666666665,0.25,1,0.64
A-d4e0d4,Company_403,FinTech,US,2024-10-18,other,Basic,117,False,False,13806.0,165672.0,117.0,0.1,0.1,True,monthly,0.9,488.0,144771.0,33.0,0.1149999999999999,4.0,39.25,4.0,0.0,0,0.17666666666666667
A-c7e58b,Company_404,HealthTech,IN,2023-06-25,other,Pro,3,False,False,769.1428571428571,9229.714285714286,10.285714285714286,0.0,0.0,False,monthly,0.5714285714285714,343.0,105853.0,18.0,0.0238095238095238,5.0,30.6,3.5,0.0,0,0.13666666666666666
A-016043,Company_405,EdTech,CA,2024-07-31,organic,Basic,4,True,False,1501.4545454545455,18017.454545454544,20.454545454545453,0.2727272727272727,0.0,True,annual,0.5454545454545454,490.0,132075.0,21.0,0.0636363636363636,3.0,30.33333333333333,4.0,0.0,1,0.41333333333333333
A-bbe56f,Company_406,HealthTech,US,2023-02-16,ads,Enterprise,21,False,False,1205.0,14460.0,21.2,0.2,0.0,False,annual,1.0,232.0,60604.0,8.0,0.2085714285714285,4.0,26.25,4.0,0.0,0,0.17666666666666667
A-7c5768,Company_407,HealthTech,UK,2024-03-02,event,Enterprise,3,False,False,376.55555555555554,4518.666666666667,20.88888888888889,0.0,0.0,False,monthly,0.8888888888888888,461.0,142276.0,31.0,0.078042328042328,5.0,28.8,4.0,0.0,0,0.16666666666666666
A-751bd4,Company_408,Cybersecurity,UK,2024-07-12,partner,Pro,10,False,False,95.0,1140.0,22.5,0.0,0.0,False,annual,1.0,92.0,32629.0,0.0,0.0,6.0,23.166666666666668,4.25,0.1666666666666666,1,0.59
A-4e0e85,Company_409,DevTools,US,2023-09-08,organic,Enterprise,6,False,False,568.0,6816.0,29.25,0.125,0.0,False,annual,0.875,288.0,80419.0,9.0,0.0458333333333333,2.0,53.0,5.0,0.0,1,0.6366666666666667
A-ad3abd,Company_410,FinTech,US,2023-03-03,event,Pro,44,False,False,2413.714285714286,28964.571428571428,44.0,0.0,0.0,True,monthly,0.7142857142857143,296.0,94866.0,11.0,0.0476190476190476,3.0,13.0,3.0,0.0,1,0.6033333333333334
A-e19ff6,Company_411,Cybersecurity,UK,2023-07-28,partner,Enterprise,1,False,False,409.1666666666667,4910.0,16.833333333333332,0.0833333333333333,0.0,False,annual,0.5833333333333334,456.0,144844.0,24.0,0.0208333333333333,3.0,30.666666666666668,4.666666666666667,0.0,1,0.44333333333333336
A-7920cc,Company_412,Cybersecurity,FR,2023-11-23,ads,Pro,39,False,False,3255.5625,39066.75,42.5,0.0625,0.0,False,annual,1.0,601.0,177512.0,28.0,0.0697916666666666,7.0,32.857142857142854,4.333333333333333,0.0,0,0.18333333333333332
A-5a92e7,Company_413,HealthTech,US,2024-06-11,ads,Pro,4,False,False,666.8947368421053,8002.736842105263,16.210526315789473,0.0,0.0,True,monthly,0.7894736842105263,885.0,276337.0,76.0,0.1079573934837092,7.0,45.0,4.4,0.0,1,0.7866666666666666
A-fdfc91,Company_414,Cybersecurity,US,2023-05-06,ads,Basic,29,False,False,2061.2,24734.4,42.7,0.1,0.0,True,annual,0.9,564.0,158143.0,29.0,0.02,5.0,28.8,3.6666666666666665,0.0,0,0.12
A-1e50e0,Company_415,Cybersecurity,DE,2023-02-21,other,Pro,19,True,True,2659.0,31908.0,34.8,0.2,0.0,True,monthly,0.8,194.0,62650.0,15.0,0.0999999999999999,2.0,20.5,5.0,0.5,1,0.8266666666666667
A-1e1b80,Company_416,FinTech,CA,2023-09-12,other,Enterprise,50,False,False,4053.9166666666665,48647.0,50.25,0.0833333333333333,0.0,False,annual,0.8333333333333334,682.0,209315.0,47.0,0.0238095238095238,6.0,43.0,3.2,0.0,1,0.5433333333333333
A-659280,Company_417,FinTech,IN,2023-11-17,event,Enterprise,13,True,True,1787.5,21450.0,24.08333333333333,0.1666666666666666,0.0,False,annual,0.25,613.0,186122.0,34.0,0.0958333333333333,4.0,8.0,4.333333333333333,0.0,1,0.79
A-f6b2fb,Company_418,DevTools,AU,2024-04-23,event,Basic,23,False,False,2335.9,28030.8,25.7,0.1,0.1,True,annual,0.8,524.0,158412.0,37.0,0.1595238095238095,5.0,55.0,4.0,0.2,1,0.79
A-cb6cc6,Company_419,DevTools,US,2023-04-03,ads,Basic,13,True,False,374.57142857142856,4494.857142857143,14.857142857142858,0.2857142857142857,0.0,False,monthly,0.4285714285714285,314.0,101719.0,26.0,0.0,3.0,16.333333333333332,3.5,0.0,0,0.18
A-d62e02,Company_420,Cybersecurity,US,2024-08-20,partner,Pro,6,False,False,2132.4,25588.8,15.6,0.1,0.1,False,monthly,0.8,344.0,126757.0,23.0,0.1083333333333333,1.0,36.0,4.0,0.0,0,0.12666666666666668
A-d535f6,Company_421,DevTools,US,2024-09-03,organic,Basic,12,True,True,823.8888888888889,9886.666666666666,22.0,0.1111111111111111,0.3333333333333333,False,monthly,0.8888888888888888,477.0,146053.0,29.0,0.0689594356261023,0.0,0.0,0.0,0.0,1,0.41
A-39868b,Company_422,FinTech,AU,2024-03-17,partner,Pro,9,False,False,838.8,10065.6,10.6,0.2,0.0,False,annual,0.4,305.0,106292.0,21.0,0.1685714285714285,6.0,39.0,4.25,0.0,1,0.31333333333333335
A-3cc791,Company_423,EdTech,US,2024-01-10,other,Enterprise,6,False,False,1065.25,12783.0,16.875,0.0,0.0,False,monthly,0.75,447.0,149032.0,30.0,0.1242559523809523,6.0,48.333333333333336,4.25,0.1666666666666666,1,0.74
A-337bc1,Company_424,Cybersecurity,US,2023-07-19,organic,Pro,30,True,False,2768.428571428572,33221.142857142855,40.142857142857146,0.2857142857142857,0.2857142857142857,False,monthly,0.8571428571428571,425.0,141115.0,34.0,0.1077097505668934,4.0,32.5,4.0,0.25,1,0.8066666666666666
A-58b9ff,Company_425,DevTools,IN,2024-05-31,partner,Enterprise,2,False,False,1741.6923076923076,20900.30769230769,20.46153846153846,0.0769230769230769,0.0769230769230769,True,monthly,0.6153846153846154,667.0,200727.0,32.0,0.204059829059829,2.0,66.0,4.0,0.5,1,0.81
A-bf7919,Company_426,HealthTech,US,2024-11-27,organic,Pro,3,False,False,260.0,3120.0,9.833333333333334,0.0,0.0,True,annual,0.6666666666666666,262.0,77458.0,14.0,0.1238095238095238,2.0,14.5,5.0,0.0,1,0.42333333333333334
A-1d5444,Company_427,Cybersecurity,US,2024-01-18,partner,Basic,24,False,True,2211.285714285714,26535.42857142857,26.428571428571427,0.1428571428571428,0.0,False,annual,0.7142857142857143,592.0,182031.0,35.0,0.1066849816849816,2.0,30.0,4.0,0.0,1,0.4166666666666667
A-0f3e88,Company_428,HealthTech,US,2023-07-23,other,Basic,7,False,True,511.27272727272725,6135.272727272727,13.909090909090908,0.1818181818181818,0.0,True,monthly,0.7272727272727273,598.0,176630.0,28.0,0.1075757575757575,3.0,48.0,4.5,0.0,1,0.7533333333333333
A-7641d3,Company_429,EdTech,US,2023-02-16,partner,Pro,8,True,True,1096.3636363636365,13156.363636363636,21.545454545454547,0.0,0.0909090909090909,False,monthly,0.7272727272727273,519.0,164755.0,26.0,0.078030303030303,5.0,45.2,4.333333333333333,0.4,1,0.47333333333333333
A-cd458b,Company_430,DevTools,US,2024-06-15,other,Basic,10,True,False,2886.0666666666666,34632.8,23.266666666666666,0.0,0.0666666666666666,True,monthly,0.8666666666666667,864.0,266624.0,45.0,0.0166666666666666,5.0,38.4,4.6,0.0,1,0.6633333333333333
A-c16b88,Company_431,HealthTech,US,2023-12-02,event,Enterprise,23,False,False,2259.777777777778,27117.33333333333,27.22222222222222,0.2222222222222222,0.0,True,annual,0.6666666666666666,457.0,154959.0,24.0,0.1335978835978836,3.0,48.333333333333336,3.0,0.0,1,0.41
A-59f724,Company_432,HealthTech,US,2023-11-03,other,Enterprise,3,True,False,814.4166666666666,9773.0,20.83333333333333,0.1666666666666666,0.0,False,monthly,0.75,696.0,221691.0,47.0,0.0791666666666666,4.0,19.25,4.25,0.0,0,0.23
A-87aa7b,Company_433,HealthTech,US,2024-05-16,organic,Pro,24,True,False,1430.0625,17160.75,29.5625,0.25,0.125,False,annual,0.8125,742.0,210545.0,35.0,0.06875,3.0,27.33333333333333,0.0,0.3333333333333333,1,0.88
A-1e6fc3,Company_434,EdTech,FR,2023-12-06,other,Pro,1,False,False,111.0,1332.0,4.5,0.0,0.0,True,annual,1.0,244.0,85274.0,19.0,0.0357142857142857,5.0,23.8,3.6666666666666665,0.0,1,0.6333333333333333
A-39ddf4,Company_435,EdTech,US,2024-12-05,partner,Enterprise,40,False,False,3981.777777777778,47781.333333333336,40.44444444444444,0.0,0.0,True,annual,0.7777777777777778,455.0,139654.0,36.0,0.137037037037037,5.0,23.0,4.25,0.0,1,0.6633333333333333
A-34ea2f,Company_436,HealthTech,US,2024-08-15,organic,Enterprise,8,False,True,1215.25,14583.0,23.0,0.25,0.0,True,annual,0.6666666666666666,550.0,175157.0,30.0,0.0611111111111111,8.0,35.25,3.8,0.0,1,0.47
A-716841,Company_437,FinTech,US,2024-05-06,other,Pro,45,False,False,3279.25,39351.0,59.5,0.0,0.0,False,annual,1.0,344.0,111161.0,13.0,0.0208333333333333,5.0,29.8,4.0,0.0,1,0.81
A-558c72,Company_438,FinTech,US,2023-06-01,organic,Basic,12,False,False,1310.142857142857,15721.714285714286,22.714285714285715,0.1428571428571428,0.0,True,monthly,0.8571428571428571,296.0,83537.0,16.0,0.2222222222222221,4.0,64.25,4.5,0.25,1,0.49
A-b11cd0,Company_439,DevTools,US,2023-01-20,ads,Pro,26,True,True,801.0,9612.0,27.666666666666668,0.0,0.0,True,monthly,1.0,278.0,85711.0,16.0,0.0333333333333333,4.0,38.5,4.0,0.0,0,0.25666666666666665
A-cc1d8d,Company_440,FinTech,US,2024-12-08,other,Pro,5,False,False,688.2307692307693,8258.76923076923,17.23076923076923,0.0769230769230769,0.0769230769230769,False,monthly,0.8461538461538461,618.0,204365.0,48.0,0.1616300366300366,5.0,30.2,4.5,0.0,1,0.79
A-7f4db3,Company_441,FinTech,US,2023-03-05,other,Pro,4,False,False,1751.7333333333331,21020.8,19.933333333333334,0.0,0.0666666666666666,True,annual,0.8666666666666667,844.0,278000.0,46.0,0.0734126984126984,5.0,16.6,3.25,0.2,1,0.83
A-db5e9e,Company_442,DevTools,US,2024-11-09,partner,Basic,4,False,False,1156.375,13876.5,21.5,0.0,0.125,True,annual,0.75,586.0,170855.0,27.0,0.1121031746031746,2.0,66.0,5.0,0.0,1,0.48
A-cc102e,Company_443,HealthTech,US,2024-04-15,partner,Enterprise,13,False,False,1006.3,12075.6,17.0,0.1,0.0,True,monthly,0.8,394.0,121564.0,39.0,0.1233333333333333,4.0,33.25,4.333333333333333,0.0,1,0.8333333333333334
A-82d8a6,Company_444,Cybersecurity,UK,2024-11-28,ads,Basic,5,False,False,1645.0588235294117,19740.70588235294,23.352941176470587,0.2941176470588235,0.1176470588235294,True,monthly,0.8823529411764706,661.0,198538.0,38.0,0.1705882352941176,5.0,42.2,3.5,0.0,1,0.4666666666666667
A-dec005,Company_445,HealthTech,US,2023-10-13,partner,Pro,21,False,False,3074.4,36892.8,25.8,0.1,0.0,True,monthly,0.7,475.0,145213.0,44.0,0.1075,2.0,59.0,3.0,0.0,1,0.7933333333333333
A-5790f4,Company_446,FinTech,UK,2024-12-22,event,Pro,1,True,False,3154.333333333333,37852.0,25.666666666666668,0.0,0.0,True,annual,0.5,321.0,95888.0,26.0,0.0793650793650793,4.0,44.0,4.0,0.25,1,0.4666666666666667
A-7c83a1,Company_447,Cybersecurity,US,2024-05-06,partner,Pro,12,False,False,1394.25,16731.0,18.166666666666668,0.0,0.0833333333333333,True,monthly,0.9166666666666666,632.0,203509.0,23.0,0.0494047619047619,4.0,42.0,4.0,0.0,1,0.6066666666666667
A-297a2d,Company_448,HealthTech,UK,2023-05-05,event,Pro,27,False,False,2874.6,34495.2,28.8,0.6,0.0,False,annual,0.8,244.0,70412.0,22.0,0.2666666666666666,2.0,32.5,3.0,0.0,0,0.15666666666666668
A-4c56c9,Company_449,FinTech,US,2023-12-20,partner,Enterprise,9,False,True,2343.923076923077,28127.07692307692,22.307692307692307,0.0,0.0,True,annual,0.7692307692307693,623.0,195927.0,38.0,0.1000915750915751,5.0,38.6,3.75,0.0,1,0.79
A-cbbe12,Company_450,Cybersecurity,DE,2023-03-22,partner,Enterprise,40,False,False,2180.1666666666665,26162.0,41.5,0.1666666666666666,0.1666666666666666,True,monthly,0.8333333333333334,178.0,49983.0,10.0,0.0,6.0,38.0,4.25,0.0,0,0.21666666666666667
A-4a267b,Company_451,FinTech,US,2024-05-05,other,Pro,25,False,False,2968.7,35624.4,31.3,0.1,0.1,True,annual,0.9,498.0,150984.0,22.0,0.145,4.0,16.25,4.333333333333333,0.0,1,0.5066666666666667
A-bcbe98,Company_452,Cybersecurity,US,2024-07-29,other,Enterprise,46,False,False,1969.636363636364,23635.636363636364,46.0,0.1818181818181818,0.0909090909090909,False,annual,0.8181818181818182,635.0,173619.0,43.0,0.2286796536796536,7.0,38.285714285714285,4.0,0.1428571428571428,1,0.42
A-427b69,Company_453,FinTech,US,2024-08-23,other,Basic,17,False,False,1995.8,23949.6,21.6,0.0,0.0,True,annual,0.7,698.0,215804.0,36.0,0.1868290043290043,2.0,31.5,3.0,0.0,0,0.20666666666666667
A-0be015,Company_454,FinTech,US,2024-10-15,event,Pro,19,False,False,235.6,2827.2,21.4,0.0,0.0,True,monthly,0.6,297.0,88205.0,13.0,0.1619047619047618,7.0,40.285714285714285,4.2,0.1428571428571428,1,0.45
A-054577,Company_455,EdTech,UK,2024-04-28,ads,Basic,2,False,False,2787.5625,33450.75,30.6875,0.0625,0.0625,True,monthly,0.875,833.0,219747.0,52.0,0.1359645562770562,1.0,46.0,4.0,0.0,0,0.24
A-bc87bc,Company_456,FinTech,US,2024-07-17,event,Pro,3,False,False,1504.0,18048.0,12.625,0.0,0.0,True,annual,1.0,394.0,135160.0,14.0,0.06875,7.0,40.57142857142857,3.75,0.0,0,0.15
A-0f7d77,Company_457,FinTech,IN,2024-10-28,partner,Pro,3,False,False,387.6666666666667,4652.0,6.166666666666667,0.0,0.0,True,monthly,0.5,298.0,93933.0,19.0,0.0333333333333333,5.0,27.2,5.0,0.0,1,0.36333333333333334
A-e7beab,Company_458,EdTech,DE,2023-10-20,organic,Enterprise,5,False,False,1618.857142857143,19426.285714285717,25.142857142857142,0.0,0.0,True,monthly,1.0,373.0,131074.0,17.0,0.0442176870748299,6.0,36.66666666666666,4.0,0.0,1,0.48333333333333334
A-a09355,Company_459,FinTech,US,2024-08-10,organic,Basic,14,False,False,2133.75,25605.0,17.75,0.0,0.0625,True,monthly,0.875,788.0,217064.0,47.0,0.1354910714285714,5.0,32.6,4.0,0.0,1,0.58
A-31ab9a,Company_460,FinTech,DE,2024-03-03,organic,Pro,3,False,False,2257.428571428572,27089.14285714286,23.857142857142858,0.0,0.0,False,monthly,0.8571428571428571,340.0,129917.0,23.0,0.1251700680272109,7.0,43.142857142857146,3.5,0.0,1,0.33666666666666667
A-0158bb,Company_461,FinTech,DE,2024-05-22,partner,Basic,5,False,False,678.3333333333334,8140.0,25.83333333333333,0.1666666666666666,0.0,False,monthly,0.8333333333333334,364.0,122051.0,22.0,0.0648148148148148,1.0,32.0,3.0,0.0,0,0.16333333333333333
A-f19b24,Company_462,Cybersecurity,US,2023-01-10,organic,Pro,29,True,False,841.0,10092.0,29.0,0.0,0.0,False,monthly,1.0,119.0,46012.0,10.0,0.0,2.0,35.5,4.0,0.5,0,0.19
A-798a3f,Company_463,DevTools,FR,2023-10-19,other,Enterprise,12,False,True,1572.4444444444443,18869.33333333333,19.11111111111111,0.1111111111111111,0.0,True,annual,0.7777777777777778,352.0,105146.0,19.0,0.0592592592592592,5.0,33.0,4.0,0.0,1,0.81
A-42b791,Company_464,FinTech,AU,2024-05-20,event,Pro,3,False,False,2722.8571428571427,32674.285714285717,27.142857142857142,0.0,0.0,True,monthly,0.5714285714285714,312.0,84693.0,6.0,0.0873015873015873,3.0,33.666666666666664,4.0,0.0,0,0.17
A-068fc6,Company_465,EdTech,US,2023-07-17,event,Enterprise,35,False,False,2908.5,34902.0,35.0,0.1,0.0,True,monthly,0.9,598.0,189037.0,29.0,0.0783333333333333,5.0,38.8,4.333333333333333,0.0,0,0.25666666666666665
A-6f50ae,Company_466,FinTech,US,2023-09-21,partner,Pro,19,False,True,1900.571428571429,22806.85714285714,21.428571428571427,0.0,0.0714285714285714,False,annual,0.6428571428571429,811.0,240012.0,48.0,0.0522675736961451,5.0,31.0,4.5,0.0,1,0.8333333333333334
A-a2485e,Company_467,FinTech,US,2024-08-04,event,Pro,3,True,False,1462.5,17550.0,22.5,0.0,0.1666666666666666,False,annual,0.6666666666666666,317.0,102647.0,13.0,0.1805555555555555,0.0,0.0,0.0,0.0,0,0.15333333333333332
A-bb1eaa,Company_468,Cybersecurity,US,2024-06-11,organic,Basic,21,False,False,2076.2,24914.4,21.8,0.0,0.2,False,annual,1.0,164.0,45337.0,7.0,0.09,6.0,23.5,4.5,0.0,1,0.8133333333333334
A-cc98bc,Company_469,DevTools,US,2023-05-24,ads,Basic,32,False,False,2156.7,25880.4,36.7,0.1,0.0,True,annual,0.9,551.0,160470.0,24.0,0.0574999999999999,3.0,4.666666666666667,4.0,0.0,0,0.16333333333333333
A-d77f4c,Company_470,DevTools,US,2023-09-25,partner,Pro,4,True,False,3480.428571428572,41765.142857142855,23.928571428571427,0.2857142857142857,0.0714285714285714,True,monthly,0.7857142857142857,617.0,182046.0,32.0,0.0697278911564625,2.0,31.0,4.0,0.0,1,0.8633333333333333
A-ccabf0,Company_471,HealthTech,IN,2023-11-06,organic,Pro,1,False,False,2237.9,26854.8,18.6,0.0,0.1,True,annual,0.9,506.0,169088.0,29.0,0.1166666666666666,4.0,46.25,3.6666666666666665,0.0,1,0.42
A-700ade,Company_472,Cybersecurity,UK,2024-10-31,organic,Enterprise,1,True,False,2109.375,25312.5,20.625,0.0,0.0,True,monthly,0.625,284.0,85381.0,18.0,0.0458333333333333,4.0,30.25,4.666666666666667,0.0,0,0.22
A-4a4c2d,Company_473,DevTools,US,2023-05-02,event,Enterprise,54,False,False,2612.769230769231,31353.23076923077,54.0,0.0769230769230769,0.0769230769230769,True,monthly,0.7692307692307693,587.0,164208.0,37.0,0.0128205128205128,5.0,42.0,4.25,0.0,0,0.23666666666666666
A-b7ef83,Company_474,Cybersecurity,UK,2024-05-29,partner,Pro,1,True,False,2391.2,28694.4,20.8,0.1333333333333333,0.0,True,annual,0.6666666666666666,738.0,216777.0,39.0,0.0936507936507936,2.0,47.5,4.0,0.0,1,0.5466666666666666
A-e08cd3,Company_475,FinTech,US,2024-09-21,ads,Pro,67,True,False,6456.363636363636,77476.36363636363,67.0,0.0,0.0909090909090909,True,monthly,0.6363636363636364,432.0,138064.0,21.0,0.2,8.0,30.375,4.0,0.0,1,0.5433333333333333
A-19b2c8,Company_476,DevTools,IN,2023-06-06,other,Pro,20,False,False,2054.076923076923,24648.92307692308,22.07692307692308,0.0769230769230769,0.0,False,monthly,0.6923076923076923,601.0,188401.0,34.0,0.0346153846153846,3.0,29.33333333333333,4.666666666666667,0.0,1,0.4033333333333333
A-970c97,Company_477,HealthTech,DE,2024-03-01,other,Enterprise,14,False,False,1922.625,23071.5,19.875,0.0,0.125,True,annual,0.5,444.0,133732.0,24.0,0.0364583333333333,1.0,61.0,5.0,0.0,0,0.18666666666666668
A-6dee43,Company_478,FinTech,UK,2023-08-12,other,Basic,3,True,False,2070.0,24840.0,25.545454545454547,0.0909090909090909,0.0,True,annual,0.7272727272727273,461.0,142536.0,11.0,0.0454545454545454,5.0,44.2,4.333333333333333,0.0,1,0.43
A-5ed98d,Company_479,DevTools,US,2024-06-22,partner,Basic,24,False,False,1934.75,23217.0,30.0,0.125,0.0,False,annual,0.875,312.0,90314.0,18.0,0.0491071428571428,5.0,35.8,5.0,0.0,1,0.49333333333333335
A-c58f49,Company_480,EdTech,US,2024-07-31,other,Enterprise,70,True,False,10140.0,121680.0,70.0,0.1428571428571428,0.0,False,monthly,1.0,363.0,108540.0,22.0,0.0620748299319727,3.0,36.333333333333336,5.0,0.3333333333333333,1,0.8366666666666667
A-9c18c4,Company_481,HealthTech,US,2023-07-27,ads,Pro,11,False,True,1782.3,21387.6,12.8,0.3,0.0,True,annual,0.9,556.0,178453.0,37.0,0.0666666666666666,4.0,42.25,4.0,0.0,0,0.22666666666666666
A-cc8c8f,Company_482,DevTools,US,2024-06-16,ads,Enterprise,23,False,False,2228.5714285714284,26742.85714285714,27.285714285714285,0.1428571428571428,0.1428571428571428,True,annual,0.8571428571428571,268.0,66983.0,18.0,0.0357142857142857,2.0,14.5,3.5,0.0,1,0.7866666666666666
A-5f7781,Company_483,DevTools,US,2024-08-20,other,Pro,22,False,False,2050.4,24604.8,34.6,0.2,0.0,False,annual,0.8,183.0,69505.0,10.0,0.1066666666666666,2.0,28.5,4.0,0.0,1,0.42333333333333334
A-e1b9cd,Company_484,DevTools,US,2023-02-26,event,Pro,40,False,True,2469.4666666666667,29633.6,46.53333333333333,0.0,0.2,True,monthly,0.6666666666666666,840.0,243616.0,47.0,0.1107142857142857,1.0,35.0,3.0,0.0,1,0.5166666666666667
A-ac85cd,Company_485,EdTech,US,2024-07-31,partner,Enterprise,53,False,False,3438.9166666666665,41267.0,56.333333333333336,0.0833333333333333,0.1666666666666666,True,annual,0.9166666666666666,634.0,176002.0,29.0,0.1396825396825396,3.0,33.666666666666664,3.5,0.0,1,0.8
A-d792a6,Company_486,DevTools,US,2023-01-23,organic,Enterprise,4,False,False,1536.6,18439.2,18.73333333333333,0.0666666666666666,0.0666666666666666,True,annual,0.9333333333333332,690.0,203395.0,40.0,0.1117460317460317,5.0,40.6,4.0,0.0,1,0.87
A-ac9111,Company_487,HealthTech,US,2023-08-12,event,Pro,21,True,False,1664.125,19969.5,26.625,0.0,0.0625,True,monthly,0.875,808.0,254330.0,46.0,0.108829365079365,3.0,24.666666666666668,5.0,0.0,1,0.8633333333333333
A-18793f,Company_488,EdTech,US,2024-12-18,organic,Basic,148,True,False,7144.363636363636,85732.36363636363,148.0,0.0909090909090909,0.0,True,monthly,0.8181818181818182,486.0,168310.0,20.0,0.1464646464646464,5.0,45.2,3.8,0.0,1,0.38333333333333336
A-9f0b68,Company_489,EdTech,US,2024-04-28,ads,Basic,10,False,False,2376.5,28518.0,20.0,0.1666666666666666,0.0833333333333333,False,annual,0.75,709.0,194123.0,33.0,0.1135912698412698,3.0,30.33333333333333,3.0,0.0,1,0.8233333333333334
A-d3c88e,Company_490,DevTools,US,2024-10-18,event,Pro,16,False,False,2014.076923076923,24168.92307692308,19.923076923076923,0.2307692307692307,0.0,False,monthly,0.6923076923076923,644.0,204483.0,48.0,0.1583333333333333,3.0,58.0,4.0,0.0,1,0.5
A-ccb686,Company_491,DevTools,US,2024-01-22,other,Basic,10,False,False,1795.0833333333333,21541.0,22.916666666666668,0.3333333333333333,0.0833333333333333,True,annual,0.6666666666666666,721.0,203848.0,46.0,0.1173941798941798,1.0,67.0,4.0,0.0,1,0.55
A-118f1c,Company_492,Cybersecurity,US,2024-10-31,other,Pro,32,False,False,6520.0,78240.0,44.0,0.0,0.0,True,annual,0.625,369.0,96816.0,14.0,0.0416666666666666,1.0,64.0,3.0,0.0,1,0.83
A-0e966d,Company_493,FinTech,IN,2024-06-25,ads,Basic,11,False,True,1131.3636363636365,13576.363636363636,23.63636363636364,0.0,0.0,True,annual,0.8181818181818182,636.0,197685.0,34.0,0.1684769775678866,3.0,31.666666666666668,4.5,0.3333333333333333,0,0.17
A-b9f5b1,Company_494,Cybersecurity,US,2023-01-24,other,Pro,15,True,False,1010.2857142857144,12123.42857142857,26.285714285714285,0.0,0.0,True,annual,0.7142857142857143,307.0,90576.0,12.0,0.064625850340136,6.0,31.83333333333333,3.333333333333333,0.1666666666666666,1,0.8333333333333334
A-8ae3fc,Company_495,DevTools,CA,2024-06-28,ads,Pro,9,False,False,555.875,6670.5,27.625,0.0,0.0,False,annual,1.0,402.0,130242.0,30.0,0.1185515873015873,4.0,39.5,3.5,0.0,1,0.4
A-55f257,Company_496,FinTech,US,2023-12-21,organic,Basic,9,False,False,1213.7,14564.4,18.8,0.3,0.0,False,annual,0.8,476.0,145972.0,25.0,0.09,6.0,43.16666666666666,5.0,0.0,0,0.16
A-d26ab4,Company_497,DevTools,UK,2024-11-07,organic,Basic,9,False,True,1845.888888888889,22150.666666666668,22.444444444444443,0.0,0.1111111111111111,True,monthly,0.7777777777777778,458.0,121379.0,24.0,0.0648148148148148,2.0,49.5,4.0,0.0,1,0.4666666666666667
A-712533,Company_498,EdTech,US,2023-07-31,organic,Pro,18,False,False,1615.1666666666667,19382.0,28.416666666666668,0.0833333333333333,0.0,False,monthly,0.9166666666666666,571.0,180056.0,35.0,0.0523809523809523,5.0,37.4,3.75,0.0,1,0.79
A-781cc0,Company_499,EdTech,US,2024-09-04,organic,Pro,12,False,False,1144.6875,13736.25,16.5625,0.125,0.0,True,monthly,0.6875,864.0,270008.0,42.0,0.0846354166666666,4.0,57.5,3.6666666666666665,0.0,1,0.63
